App,Category,Rating,Reviews,Size,Installs,Type,Price,Content Rating,Last Updated
Game App 441,GAME,3.2976492145804084,223,21.5M,"1,000,000+",Free,0,Teen,"May 17, 2024"
Tools App 383,TOOLS,4.367474847248886,418,1.0M,"10,000+",Free,0,Everyone,"December 26, 2023"
Social App 569,SOCIAL,3.095938832074135,722,50.3M,"1,000+",Free,0,Everyone,"August 05, 2024"
Shopping App 231,SHOPPING,4.463364923748407,6,47.1M,"50,000+",Free,0,Everyone,"February 10, 2023"
Game App 472,GAME,3.7535021114653517,6661,60.6M,"1,000,000+",Free,0,Everyone,"September 18, 2023"
Photography App 452,PHOTOGRAPHY,3.782221017863122,3111,42.9M,"100,000+",Free,0,Everyone,"June 17, 2023"
Productivity App 38,PRODUCTIVITY,4.122137798125911,379,61.1M,"500,000+",Free,0,Teen,"February 09, 2024"
Social App 206,SOCIAL,4.291197128791642,8,Varies with device,"1,000+",Free,0,Everyone 10+,"August 27, 2023"
Game App 193,GAME,4.203112296753284,23,7.8M,"50,000+",Free,0,Everyone,"April 22, 2024"
Music And Audio App 69,MUSIC_AND_AUDIO,3.842320938794898,120,12.9M,"1,000,000+",Free,0,Teen,"July 30, 2024"
Business App 377,BUSINESS,3.5317599783139153,260,63.0M,"10,000+",Free,0,Everyone,"February 26, 2023"
Music And Audio App 16,MUSIC_AND_AUDIO,4.051082990536029,154,1.0M,"1,000,000+",Free,0,Everyone,"March 21, 2024"
Music And Audio App 159,MUSIC_AND_AUDIO,4.122385680531355,526,1.3M,"100,000+",Free,0,Everyone 10+,"August 21, 2023"
Health And Fitness App 251,HEALTH_AND_FITNESS,4.134473321161254,2223,51.2M,"10,000+",Free,0,Everyone,"September 29, 2023"
Shopping App 850,SHOPPING,4.047313219429033,89,7.8M,"5,000,000+",Free,0,Everyone,"July 07, 2023"
Photography App 838,PHOTOGRAPHY,4.092226667883577,1580,74.0M,"500,000+",Free,0,Teen,"July 30, 2023"
Tools App 877,TOOLS,3.327975029052949,15,1.0M,"500,000+",Free,0,Everyone,"June 22, 2024"
Photography App 821,PHOTOGRAPHY,3.8339461475011833,6198,50.5M,"1,000,000+",Free,0,Mature 17+,"August 09, 2024"
Productivity App 582,PRODUCTIVITY,4.406522139736068,96,42.2M,"10,000,000+",Free,0,Everyone,"May 24, 2023"
Game App 465,GAME,4.750183546324848,57,23.3M,"5,000,000+",Free,0,Teen,"March 20, 2023"
Game App 733,GAME,5.0,392,73.5M,"10,000,000+",Free,0,Everyone,"October 18, 2023"
Health And Fitness App 790,HEALTH_AND_FITNESS,4.22004468928271,9,24.4M,"5,000+",Free,0,Everyone,"December 23, 2023"
Social App 21,SOCIAL,3.862423204422868,40,40.3M,"50,000+",Free,0,Everyone,"November 18, 2024"
Productivity App 296,PRODUCTIVITY,4.522964083436649,279,47.9M,"1,000+",Free,0,Everyone,"January 02, 2023"
Health And Fitness App 506,HEALTH_AND_FITNESS,3.9822322113950785,8986,29.3M,"5,000+",Free,0,Everyone 10+,"February 02, 2024"
Tools App 619,TOOLS,4.110709305921563,29,Varies with device,"5,000,000+",Free,0,Everyone,"July 23, 2023"
Education App 874,EDUCATION,3.6884350869258844,982,17.6M,"50,000+",Free,0,Mature 17+,"August 25, 2023"
Tools App 144,TOOLS,2.7641510107199734,72,Varies with device,"5,000+",Paid,$8.43,Teen,"July 31, 2023"
Photography App 165,PHOTOGRAPHY,4.736930155667774,417,48.4M,"5,000,000+",Free,0,Teen,"September 29, 2023"
Social App 237,SOCIAL,3.9279426154593544,540,6.0M,"1,000+",Free,0,Everyone,"April 16, 2023"
Education App 252,EDUCATION,4.595558723710932,994,31.8M,"500,000+",Paid,$7.1,Everyone 10+,"April 29, 2024"
Productivity App 735,PRODUCTIVITY,3.7013209780809926,536,47.5M,"5,000,000+",Free,0,Teen,"July 27, 2023"
Photography App 418,PHOTOGRAPHY,4.708624261987073,34895,50.3M,"500,000+",Free,0,Everyone,"May 27, 2023"
Health And Fitness App 607,HEALTH_AND_FITNESS,4.231373625990349,8,18.5M,"10,000+",Free,0,Teen,"April 06, 2023"
Finance App 281,FINANCE,4.7698889693605855,1386,31.4M,"1,000,000+",Free,0,Everyone,"January 31, 2024"
Finance App 622,FINANCE,4.151864533619892,30,1.0M,"5,000,000+",Free,0,Everyone,"October 22, 2023"
Education App 227,EDUCATION,4.038743239061162,167,37.5M,"5,000+",Free,0,Everyone,"November 24, 2024"
Shopping App 641,SHOPPING,3.44715952249401,19,79.0M,"10,000,000+",Free,0,Everyone,"September 12, 2024"
Shopping App 420,SHOPPING,4.446807894424251,212,33.2M,"1,000+",Free,0,Everyone 10+,"April 07, 2024"
Finance App 66,FINANCE,2.8973089326689383,2103,71.0M,"5,000+",Free,0,Everyone,"August 25, 2023"
Finance App 399,FINANCE,4.133202143673039,212,59.4M,"1,000+",Free,0,Teen,"May 18, 2023"
Health And Fitness App 755,HEALTH_AND_FITNESS,4.037449194887187,646,26.1M,"1,000,000+",Paid,$29.43,Teen,"June 30, 2024"
Game App 520,GAME,3.878621241679623,2254,71.8M,"50,000+",Free,0,Everyone 10+,"November 30, 2023"
Tools App 34,TOOLS,4.085456561348522,11602,1.0M,"500,000+",Free,0,Everyone,"March 30, 2024"
Tools App 433,TOOLS,4.297119056194172,22,1.0M,"500,000+",Free,0,Teen,"January 23, 2024"
Social App 310,SOCIAL,4.793223528445061,7229,45.2M,"5,000,000+",Free,0,Everyone,"January 12, 2024"
Game App 328,GAME,3.127326956523303,25880,33.0M,"100,000+",Free,0,Everyone,"August 15, 2024"
Photography App 732,PHOTOGRAPHY,4.15350456943677,7,41.1M,"100,000+",Free,0,Everyone,"April 12, 2023"
Tools App 672,TOOLS,4.479645812217763,295,Varies with device,"1,000,000+",Free,0,Everyone,"August 07, 2023"
Shopping App 756,SHOPPING,4.651422573354021,3653,9.0M,"1,000+",Free,0,Everyone,"January 21, 2024"
Education App 170,EDUCATION,3.2220328787176764,617,22.3M,"100,000+",Free,0,Everyone,"October 30, 2023"
Music And Audio App 547,MUSIC_AND_AUDIO,3.870282784181008,97,65.3M,"10,000,000+",Free,0,Teen,"July 02, 2024"
Tools App 289,TOOLS,3.9731356869074053,147,Varies with device,"10,000+",Paid,$8.72,Teen,"April 29, 2024"
Music And Audio App 161,MUSIC_AND_AUDIO,3.272563719941453,1206,64.9M,"5,000,000+",Free,0,Teen,"September 22, 2024"
Music And Audio App 637,MUSIC_AND_AUDIO,3.6043369496160156,272,19.9M,"1,000,000+",Free,0,Everyone,"September 11, 2023"
Education App 143,EDUCATION,3.8828071983352688,14,5.0M,"1,000,000+",Free,0,Everyone,"February 08, 2023"
Social App 339,SOCIAL,4.311604514255774,423,83.8M,"500,000+",Free,0,Teen,"December 31, 2023"
Health And Fitness App 194,HEALTH_AND_FITNESS,3.5406587008248174,10686,38.5M,"10,000+",Free,0,Everyone,"September 11, 2023"
Social App 8,SOCIAL,4.68210649946368,1220,34.1M,"100,000+",Paid,$26.86,Teen,"December 30, 2023"
Productivity App 844,PRODUCTIVITY,4.258115332581363,269,23.2M,"1,000+",Free,0,Everyone,"June 19, 2024"
Game App 855,GAME,4.552843860792781,3280,29.0M,"100,000+",Free,0,Everyone,"October 17, 2023"
Game App 843,GAME,3.5685350344829407,979,20.0M,"10,000,000+",Free,0,Everyone 10+,"June 16, 2024"
Game App 766,GAME,4.498606704829873,352,Varies with device,"50,000+",Free,0,Everyone 10+,"February 15, 2023"
Music And Audio App 180,MUSIC_AND_AUDIO,3.5286068283445124,8114,80.5M,"1,000,000+",Free,0,Teen,"October 04, 2023"
Health And Fitness App 566,HEALTH_AND_FITNESS,4.24164553624722,745,48.8M,"50,000+",Free,0,Everyone,"November 28, 2024"
Business App 553,BUSINESS,2.9914054349209573,5787,59.3M,"1,000+",Free,0,Everyone,"February 14, 2024"
Tools App 292,TOOLS,4.045004975469014,32,54.8M,"1,000,000+",Free,0,Everyone,"May 20, 2024"
Game App 100,GAME,4.424101821720506,436,46.4M,"100,000+",Free,0,Teen,"November 03, 2023"
Shopping App 651,SHOPPING,4.465927753869024,2177,28.7M,"1,000,000+",Paid,$9.17,Everyone,"April 07, 2023"
Social App 460,SOCIAL,4.280683202880471,23862,36.7M,"1,000+",Free,0,Everyone,"April 24, 2023"
Finance App 865,FINANCE,3.3930609336647857,3574,1.0M,"50,000+",Free,0,Everyone 10+,"January 07, 2023"
Tools App 366,TOOLS,3.707485638209141,162,5.2M,"10,000+",Free,0,Everyone,"March 09, 2024"
Game App 880,GAME,3.7060326266817696,6959,58.3M,"500,000+",Paid,$27.16,Everyone,"October 23, 2024"
Shopping App 388,SHOPPING,3.9572168609704295,432,28.0M,"100,000+",Free,0,Mature 17+,"August 28, 2023"
Finance App 461,FINANCE,3.3349458328711177,1483,52.3M,"100,000+",Free,0,Everyone,"September 27, 2024"
Productivity App 685,PRODUCTIVITY,4.19341605329419,60,28.1M,"1,000,000+",Free,0,Everyone,"February 25, 2024"
Music And Audio App 895,MUSIC_AND_AUDIO,4.158036538140421,2241,28.0M,"50,000+",Free,0,Everyone,"January 22, 2024"
Productivity App 758,PRODUCTIVITY,4.573183201300666,379,18.3M,"5,000+",Free,0,Everyone,"August 30, 2023"
Music And Audio App 684,MUSIC_AND_AUDIO,4.99367778917554,1357,19.1M,"100,000+",Free,0,Everyone,"October 01, 2024"
Photography App 523,PHOTOGRAPHY,4.241489179227339,1951,11.4M,"50,000+",Free,0,Teen,"August 27, 2023"
Business App 309,BUSINESS,4.372612200227353,44,1.0M,"1,000,000+",Free,0,Everyone,"November 30, 2023"
Education App 828,EDUCATION,4.356891030443169,15421,18.6M,"100,000+",Free,0,Teen,"February 10, 2023"
Education App 627,EDUCATION,4.266230077403751,891,57.7M,"10,000,000+",Free,0,Mature 17+,"September 01, 2023"
Social App 142,SOCIAL,3.4781834703940833,183,34.1M,"1,000,000+",Free,0,Everyone,"August 23, 2024"
Photography App 738,PHOTOGRAPHY,3.7575440666112687,1123,18.8M,"100,000+",Free,0,Everyone,"September 12, 2024"
Health And Fitness App 71,HEALTH_AND_FITNESS,4.87253230206901,34,22.8M,"5,000+",Paid,$3.03,Everyone,"November 10, 2023"
Health And Fitness App 348,HEALTH_AND_FITNESS,3.8504865184435535,740,Varies with device,"50,000+",Paid,$16.84,Teen,"June 06, 2023"
Education App 646,EDUCATION,3.976752993289037,1259,33.1M,"10,000,000+",Paid,$1.19,Everyone,"April 24, 2024"
Health And Fitness App 897,HEALTH_AND_FITNESS,4.151413306451643,208989,Varies with device,"1,000+",Free,0,Everyone 10+,"September 21, 2024"
Game App 102,GAME,3.717290856042837,742,59.3M,"1,000,000+",Free,0,Everyone,"September 03, 2023"
Game App 258,GAME,4.31545343828473,32,Varies with device,"50,000+",Free,0,Teen,"December 15, 2023"
Tools App 383,TOOLS,4.367474847248886,418,1.0M,"10,000+",Free,0,Everyone,"December 26, 2023"
Social App 867,SOCIAL,4.145019159374974,61,Varies with device,"50,000+",Free,0,Everyone,"October 21, 2023"
Tools App 147,TOOLS,3.9334158877770875,676,51.7M,"5,000+",Free,0,Teen,"November 20, 2024"
Productivity App 259,PRODUCTIVITY,4.524657797651365,44,18.9M,"10,000+",Free,0,Everyone 10+,"April 17, 2023"
Business App 783,BUSINESS,4.17818511316667,6102,53.5M,"10,000+",Free,0,Everyone,"February 10, 2024"
Game App 596,GAME,3.859057022973155,697,31.2M,"1,000,000+",Free,0,Everyone,"January 08, 2024"
Game App 306,GAME,4.074988669013421,3618,34.0M,"5,000+",Free,0,Teen,"August 24, 2024"
Social App 577,SOCIAL,4.540883343717959,63,24.1M,"500,000+",Free,0,Everyone,"August 20, 2023"
Photography App 376,PHOTOGRAPHY,3.884246618952302,1080,6.1M,"1,000,000+",Free,0,Everyone,"March 08, 2023"
Tools App 514,TOOLS,3.7055842817545432,135,Varies with device,"100,000+",Free,0,Everyone,"October 23, 2024"
Game App 186,GAME,4.978356540411126,764,15.0M,"50,000+",Free,0,Teen,"November 22, 2024"
Photography App 741,PHOTOGRAPHY,4.253610823899588,15835,26.7M,"500,000+",Free,0,Everyone,"December 06, 2023"
Finance App 823,FINANCE,,277,31.8M,"500,000+",Paid,$15.49,Everyone,"August 22, 2023"
Productivity App 625,PRODUCTIVITY,4.519163935782758,474,97.2M,"1,000,000+",Free,0,Everyone,"February 07, 2023"
Finance App 313,FINANCE,3.499908143959736,2113,Varies with device,"10,000,000+",Free,0,Everyone,"January 18, 2023"
Music And Audio App 800,MUSIC_AND_AUDIO,3.784795482381678,864,49.7M,"100,000,000+",Free,0,Everyone,"November 01, 2024"
Productivity App 75,PRODUCTIVITY,4.978610840036738,2840,62.1M,"1,000+",Free,0,Everyone,"July 16, 2023"
Social App 312,SOCIAL,3.940686015150155,3026,12.9M,"50,000+",Free,0,Everyone,"September 20, 2023"
Productivity App 210,PRODUCTIVITY,4.330115550236495,403,12.5M,"1,000,000+",Free,0,Teen,"August 03, 2024"
Shopping App 380,SHOPPING,3.760060085320949,205,11.1M,"10,000+",Free,0,Everyone,"May 11, 2023"
Education App 526,EDUCATION,3.0813958159540404,834,59.0M,"5,000+",Free,0,Everyone,"May 24, 2024"
Finance App 173,FINANCE,4.511518493273634,8136,Varies with device,"1,000+",Free,0,Everyone 10+,"May 12, 2024"
Education App 85,EDUCATION,4.158286447348413,87,65.6M,"50,000+",Free,0,Everyone,"March 15, 2023"
Music And Audio App 397,MUSIC_AND_AUDIO,3.9250570958920683,386,33.5M,"500,000+",Free,0,Teen,"June 25, 2023"
Shopping App 574,SHOPPING,3.7390713138285334,458473,Varies with device,"500,000+",Free,0,Everyone,"November 08, 2024"
Social App 643,SOCIAL,4.22026087241391,664,81.2M,"100,000+",Free,0,Everyone,"January 03, 2024"
Photography App 696,PHOTOGRAPHY,3.31306682815667,1093,15.2M,"5,000+",Free,0,Everyone,"September 01, 2024"
Education App 899,EDUCATION,4.951715860215625,12399,35.3M,"100,000+",Paid,$7.0,Everyone,"June 04, 2024"
Communication App 647,COMMUNICATION,4.045112093642121,3451,80.8M,"5,000+",Free,0,Everyone,"May 02, 2024"
Shopping App 68,SHOPPING,4.111048652339226,16,13.0M,"1,000,000+",Free,0,Mature 17+,"February 03, 2024"
Health And Fitness App 813,HEALTH_AND_FITNESS,3.4431553962793795,6213,29.1M,"100,000+",Free,0,Teen,"August 03, 2023"
Tools App 798,TOOLS,3.906480597380086,255,47.2M,"1,000+",Free,0,Teen,"July 24, 2023"
Education App 840,EDUCATION,4.597866254631545,338,42.9M,"5,000+",Free,0,Teen,"November 19, 2023"
Music And Audio App 280,MUSIC_AND_AUDIO,4.007949484825835,4700,39.8M,"5,000,000+",Paid,$3.22,Everyone,"July 27, 2024"
Shopping App 653,SHOPPING,3.1257221680029663,196,51.5M,"1,000+",Free,0,Everyone,"April 16, 2024"
Social App 631,SOCIAL,3.872700519406581,28,Varies with device,"1,000+",Free,0,Everyone,"October 14, 2023"
Game App 189,GAME,5.0,5218,19.5M,"10,000+",Free,0,Mature 17+,"July 30, 2023"
Tools App 503,TOOLS,5.0,473,Varies with device,"50,000,000+",Free,0,Mature 17+,"December 15, 2023"
Health And Fitness App 184,HEALTH_AND_FITNESS,4.498424794136126,475,35.2M,"1,000+",Free,0,Everyone,"February 07, 2023"
Photography App 812,PHOTOGRAPHY,4.272682054731796,1297,31.4M,"50,000+",Free,0,Everyone,"December 26, 2023"
Business App 213,BUSINESS,3.796318160355933,742,51.7M,"100,000+",Free,0,Mature 17+,"July 25, 2023"
Photography App 138,PHOTOGRAPHY,3.702741921044109,357,9.3M,"500,000+",Free,0,Everyone,"June 21, 2023"
Game App 110,GAME,,703,15.6M,"50,000+",Free,0,Everyone,"March 24, 2023"
Game App 748,GAME,3.9903542494396644,1,55.1M,"5,000,000+",Paid,$16.53,Teen,"May 27, 2024"
Tools App 851,TOOLS,3.603021131617858,2558,29.7M,"1,000,000+",Free,0,Everyone,"December 04, 2023"
Game App 579,GAME,4.091333808528622,579,45.5M,"500,000+",Free,0,Everyone,"December 05, 2023"
Tools App 830,TOOLS,3.0777789033323426,12857,Varies with device,"1,000,000+",Free,0,Teen,"January 07, 2023"
Music And Audio App 129,MUSIC_AND_AUDIO,3.7725939271557727,499,99.5M,"100,000+",Free,0,Everyone,"May 17, 2023"
Shopping App 705,SHOPPING,3.2036835907736485,2458,1.0M,"5,000,000+",Free,0,Everyone,"November 14, 2023"
Education App 852,EDUCATION,4.506088668103563,3574,Varies with device,"10,000+",Free,0,Everyone,"April 24, 2024"
Tools App 385,TOOLS,3.8928788332523805,1157,23.3M,"500,000+",Free,0,Everyone,"September 12, 2023"
Communication App 617,COMMUNICATION,4.565068097509304,1523,2.6M,"100,000+",Free,0,Teen,"June 11, 2023"
Shopping App 268,SHOPPING,4.183637094186901,12335,39.6M,"100,000+",Free,0,Everyone,"May 13, 2023"
Photography App 536,PHOTOGRAPHY,4.000240851768587,8,69.8M,"10,000,000+",Free,0,Everyone,"November 02, 2024"
Productivity App 419,PRODUCTIVITY,3.326038638369453,1778,55.4M,"50,000,000+",Free,0,Everyone,"March 07, 2023"
Social App 677,SOCIAL,4.476567363937868,754,19.6M,"1,000,000+",Free,0,Everyone,"January 02, 2023"
Finance App 313,FINANCE,3.499908143959736,2113,Varies with device,"10,000,000+",Free,0,Everyone,"January 18, 2023"
Photography App 448,PHOTOGRAPHY,4.200117684584666,2769,92.1M,"100,000+",Free,0,Mature 17+,"August 02, 2023"
Education App 601,EDUCATION,4.339101885615107,2150,22.8M,"100,000+",Free,0,Everyone,"September 03, 2023"
Music And Audio App 793,MUSIC_AND_AUDIO,2.985303643341216,247,63.4M,"5,000,000+",Paid,$14.62,Everyone,"May 10, 2024"
Tools App 198,TOOLS,3.6954026130575874,880,Varies with device,"10,000+",Free,0,Everyone,"February 05, 2024"
Tools App 456,TOOLS,4.003289504443898,27,2.7M,"10,000+",Free,0,Teen,"June 18, 2023"
Productivity App 824,PRODUCTIVITY,4.160786850223632,63600,1.0M,"50,000+",Free,0,Teen,"April 30, 2023"
Education App 898,EDUCATION,3.6088057644824616,250,9.2M,"5,000+",Paid,$15.29,Everyone,"November 23, 2024"
Education App 701,EDUCATION,4.435011531809838,2204,40.1M,"50,000,000+",Free,0,Everyone,"July 07, 2024"
Business App 153,BUSINESS,3.9786134700848765,425,40.4M,"1,000+",Free,0,Mature 17+,"January 09, 2023"
Finance App 792,FINANCE,4.335722023281184,31,50.0M,"100,000+",Free,0,Everyone 10+,"June 10, 2024"
Shopping App 789,SHOPPING,4.972241184246293,111,1.0M,"10,000,000+",Free,0,Teen,"September 21, 2023"
Education App 810,EDUCATION,4.54826513167144,55,1.0M,"500,000+",Free,0,Everyone,"March 30, 2023"
Tools App 869,TOOLS,5.0,1864,27.6M,"50,000+",Free,0,Everyone,"April 07, 2023"
Game App 668,GAME,4.598077424873555,5,Varies with device,"100,000+",Free,0,Everyone 10+,"February 04, 2024"
Music And Audio App 602,MUSIC_AND_AUDIO,3.7421534417939313,1135,20.3M,"1,000,000+",Free,0,Everyone,"April 18, 2024"
Game App 543,GAME,4.787465083647816,30556,10.9M,"5,000+",Free,0,Everyone,"June 29, 2023"
Productivity App 700,PRODUCTIVITY,3.9707943666283074,26,4.0M,"5,000+",Paid,$20.17,Everyone,"February 07, 2024"
Photography App 785,PHOTOGRAPHY,4.592766868951697,9742,37.1M,"5,000+",Free,0,Everyone 10+,"July 14, 2023"
Shopping App 712,SHOPPING,5.0,407,16.4M,"5,000+",Paid,$28.24,Teen,"January 18, 2023"
Game App 274,GAME,4.588069432038255,1154,66.9M,"10,000+",Free,0,Teen,"June 05, 2024"
Game App 63,GAME,3.435597289839295,168,35.6M,"5,000+",Free,0,Everyone 10+,"August 10, 2023"
Social App 19,SOCIAL,2.672178968618641,2477,55.7M,"1,000+",Free,0,Everyone,"January 30, 2024"
Communication App 640,COMMUNICATION,4.194907978527804,886,9.3M,"10,000+",Free,0,Teen,"March 30, 2024"
Productivity App 469,PRODUCTIVITY,4.105334178908115,3532,10.4M,"10,000,000+",Free,0,Everyone,"October 01, 2023"
Finance App 344,FINANCE,3.9727124971611123,70,29.0M,"10,000+",Free,0,Teen,"June 24, 2024"
Tools App 687,TOOLS,4.1053937707857076,1200,4.1M,"50,000+",Free,0,Everyone,"March 27, 2024"
Game App 481,GAME,5.0,23,41.3M,"1,000+",Free,0,Everyone,"May 17, 2024"
Music And Audio App 346,MUSIC_AND_AUDIO,3.963221787275529,221,33.0M,"100,000+",Free,0,Everyone,"February 10, 2023"
Health And Fitness App 23,HEALTH_AND_FITNESS,4.6809737434884715,45,23.8M,"10,000+",Free,0,Everyone 10+,"November 12, 2023"
Music And Audio App 311,MUSIC_AND_AUDIO,3.4317656792991067,1495,10.7M,"1,000+",Paid,$12.86,Everyone,"March 22, 2023"
Social App 357,SOCIAL,4.386861815062883,155,51.9M,"1,000+",Free,0,Everyone,"September 16, 2024"
Health And Fitness App 682,HEALTH_AND_FITNESS,,167,45.5M,"10,000,000+",Free,0,Everyone,"April 20, 2024"
Productivity App 400,PRODUCTIVITY,4.423974260897539,82,45.0M,"5,000+",Free,0,Everyone,"January 30, 2024"
Tools App 489,TOOLS,4.324257437654146,707,21.0M,"10,000+",Free,0,Everyone,"March 14, 2024"
Tools App 319,TOOLS,3.98828891798529,2,31.5M,"5,000+",Free,0,Teen,"October 07, 2024"
Health And Fitness App 689,HEALTH_AND_FITNESS,3.3107293800876354,125,90.8M,"10,000+",Free,0,Everyone,"March 18, 2023"
Productivity App 401,PRODUCTIVITY,3.282394481081152,5,85.0M,"10,000+",Free,0,Everyone,"August 31, 2023"
Tools App 108,TOOLS,4.648644166147958,1,Varies with device,"500,000+",Free,0,Mature 17+,"April 04, 2024"
Social App 567,SOCIAL,3.5389707055110904,488,6.1M,"10,000+",Free,0,Teen,"June 06, 2024"
Productivity App 581,PRODUCTIVITY,3.7519913995694023,122,22.8M,"5,000+",Free,0,Everyone,"August 26, 2024"
Game App 373,GAME,3.5005210711699797,47,1.0M,"5,000,000+",Free,0,Teen,"October 28, 2024"
Music And Audio App 663,MUSIC_AND_AUDIO,4.516573995363908,283,13.0M,"5,000,000+",Free,0,Everyone,"March 14, 2023"
Game App 276,GAME,3.986633123681126,123,56.6M,"500,000+",Free,0,Everyone 10+,"October 15, 2023"
Shopping App 249,SHOPPING,3.9775537805913217,932,38.5M,"5,000+",Free,0,Everyone,"December 21, 2023"
Photography App 632,PHOTOGRAPHY,4.092722334049451,1585,29.4M,"1,000+",Free,0,Everyone,"October 12, 2024"
Productivity App 90,PRODUCTIVITY,3.6570367489003797,470,42.9M,"50,000+",Paid,$20.79,Teen,"June 13, 2023"
Social App 81,SOCIAL,4.062281994519866,158,27.6M,"5,000,000+",Free,0,Everyone 10+,"August 20, 2023"
Productivity App 454,PRODUCTIVITY,3.9568143427634537,888,41.2M,"1,000,000+",Free,0,Mature 17+,"June 24, 2024"
Music And Audio App 900,MUSIC_AND_AUDIO,3.8593378928358404,46,3.3M,"10,000,000+",Free,0,Everyone,"April 02, 2023"
Finance App 691,FINANCE,4.212913637325251,55,Varies with device,"50,000+",Free,0,Everyone,"May 27, 2024"
Game App 31,GAME,4.294901128179643,1684,1.0M,"1,000+",Free,0,Everyone 10+,"November 14, 2024"
Health And Fitness App 11,HEALTH_AND_FITNESS,4.904978581448141,55012,33.5M,"100,000+",Free,0,Everyone 10+,"August 15, 2024"
Health And Fitness App 557,HEALTH_AND_FITNESS,4.193462169569628,310,21.3M,"100,000,000+",Free,0,Teen,"February 21, 2024"
Finance App 183,FINANCE,4.6498390188154834,15048,Varies with device,"500,000+",Free,0,Teen,"March 03, 2024"
Tools App 749,TOOLS,4.425208651479339,655,55.0M,"1,000,000+",Free,0,Teen,"January 20, 2024"
Productivity App 487,PRODUCTIVITY,4.613112838652241,280,35.8M,"500,000+",Paid,$4.28,Everyone,"May 01, 2024"
Productivity App 544,PRODUCTIVITY,3.5984819089075955,809,82.9M,"100,000+",Free,0,Mature 17+,"November 05, 2023"
Education App 442,EDUCATION,4.836483975333417,185,12.9M,"10,000+",Paid,$20.65,Everyone,"September 08, 2024"
Productivity App 233,PRODUCTIVITY,4.25119615659042,43,61.4M,"10,000+",Free,0,Everyone,"November 16, 2024"
Education App 158,EDUCATION,4.171804031380542,2,46.3M,"50,000+",Free,0,Everyone,"December 22, 2023"
Music And Audio App 445,MUSIC_AND_AUDIO,4.76579411806583,59,1.0M,"50,000+",Free,0,Everyone,"July 07, 2023"
Tools App 815,TOOLS,3.7825495586341074,3,99.9M,"5,000+",Free,0,Teen,"July 12, 2024"
Education App 78,EDUCATION,3.93837581694294,766,9.4M,"10,000+",Free,0,Everyone,"February 19, 2023"
Health And Fitness App 552,HEALTH_AND_FITNESS,5.0,3138,31.5M,"50,000+",Paid,$21.95,Teen,"October 02, 2024"
Tools App 2,TOOLS,4.914573811372376,159,46.7M,"100,000+",Free,0,Everyone 10+,"December 10, 2023"
Social App 232,SOCIAL,3.846000136229708,3411,8.8M,"100,000+",Free,0,Everyone,"August 06, 2023"
Game App 176,GAME,3.612276436234936,241,15.1M,"5,000,000+",Free,0,Everyone 10+,"April 18, 2024"
Photography App 512,PHOTOGRAPHY,4.196674521905514,1096,51.3M,"100,000+",Free,0,Everyone,"August 03, 2024"
Productivity App 375,PRODUCTIVITY,4.292323646395164,2424,18.2M,"100,000+",Free,0,Everyone,"January 24, 2024"
Photography App 273,PHOTOGRAPHY,3.771074814878248,129,90.8M,"10,000+",Free,0,Teen,"June 29, 2024"
Tools App 424,TOOLS,,102,19.7M,"1,000+",Free,0,Everyone,"June 18, 2024"
Health And Fitness App 5,HEALTH_AND_FITNESS,4.817532509254888,24,87.2M,"100,000+",Free,0,Mature 17+,"August 13, 2023"
Social App 428,SOCIAL,4.850268587823514,22,28.9M,"5,000+",Free,0,Everyone 10+,"October 20, 2023"
Social App 199,SOCIAL,3.7186525430807755,278,20.8M,"10,000+",Free,0,Mature 17+,"February 20, 2023"
Productivity App 117,PRODUCTIVITY,3.5229219039055106,80,19.5M,"1,000,000+",Free,0,Everyone,"November 30, 2023"
Business App 285,BUSINESS,4.56857749477337,380,47.5M,"1,000+",Free,0,Everyone,"May 29, 2023"
Game App 497,GAME,4.458513854956902,5231,Varies with device,"1,000,000+",Free,0,Everyone,"July 19, 2023"
Productivity App 205,PRODUCTIVITY,4.67960751471132,1523,Varies with device,"100,000+",Free,0,Everyone,"March 26, 2024"
Health And Fitness App 576,HEALTH_AND_FITNESS,3.437604356204211,1332,27.0M,"10,000+",Free,0,Everyone,"June 14, 2024"
Business App 175,BUSINESS,4.694390875788614,51,42.6M,"5,000,000+",Paid,$7.42,Everyone,"February 18, 2023"
Productivity App 642,PRODUCTIVITY,4.111095782756691,85,48.9M,"50,000,000+",Free,0,Teen,"May 25, 2024"
Game App 891,GAME,3.9097514073651283,43,54.5M,"10,000+",Free,0,Everyone,"June 06, 2024"
Tools App 72,TOOLS,3.9127951766415756,57,26.1M,"500,000+",Free,0,Everyone,"October 26, 2024"
Finance App 214,FINANCE,3.8250722360561937,6368,55.0M,"100,000+",Free,0,Everyone,"July 09, 2023"
Tools App 203,TOOLS,4.059421102623901,1427,10.5M,"50,000+",Free,0,Teen,"September 22, 2024"
Communication App 836,COMMUNICATION,3.988806564382404,159,74.1M,"50,000+",Free,0,Everyone,"June 28, 2023"
Health And Fitness App 847,HEALTH_AND_FITNESS,4.102474597141814,7187,54.4M,"10,000,000+",Free,0,Teen,"October 13, 2023"
Education App 120,EDUCATION,3.907520177512172,3,1.0M,"10,000+",Free,0,Teen,"September 14, 2024"
Game App 178,GAME,4.416981480460271,674,21.8M,"1,000,000+",Free,0,Everyone,"March 19, 2023"
Game App 718,GAME,4.444514616424754,271,5.8M,"10,000+",Free,0,Everyone,"April 04, 2023"
Tools App 654,TOOLS,3.8435149029849804,137,70.4M,"1,000+",Free,0,Everyone,"April 03, 2024"
Productivity App 516,PRODUCTIVITY,4.516161554666322,92,46.3M,"100,000+",Free,0,Everyone,"November 26, 2024"
Social App 14,SOCIAL,4.649610767502276,223,40.0M,"10,000+",Free,0,Everyone,"February 09, 2023"
Game App 228,GAME,4.189911255382384,36,19.8M,"10,000,000+",Free,0,Everyone,"June 08, 2024"
Social App 837,SOCIAL,4.925093685783429,58,1.0M,"500,000+",Free,0,Teen,"July 16, 2024"
Photography App 316,PHOTOGRAPHY,3.456380419177524,42,28.2M,"100,000+",Free,0,Everyone,"June 10, 2024"
Music And Audio App 775,MUSIC_AND_AUDIO,4.868299539875724,4,62.1M,"5,000+",Free,0,Everyone 10+,"February 28, 2024"
Game App 356,GAME,4.38607400725082,66,37.9M,"1,000,000+",Free,0,Everyone,"March 04, 2023"
Social App 294,SOCIAL,3.4572036968949056,545,1.0M,"5,000+",Free,0,Everyone 10+,"May 15, 2023"
Shopping App 453,SHOPPING,4.492777341338796,1706,34.5M,"500,000+",Free,0,Everyone,"February 12, 2023"
Shopping App 331,SHOPPING,4.119006215263405,0,1.0M,"10,000+",Free,0,Everyone,"April 04, 2023"
Health And Fitness App 676,HEALTH_AND_FITNESS,3.2803261932723773,335,15.5M,"100,000+",Free,0,Everyone,"September 27, 2024"
Business App 387,BUSINESS,4.049946278137816,99,40.5M,"5,000,000+",Free,0,Mature 17+,"September 25, 2023"
Education App 857,EDUCATION,4.5228497232567495,1,24.2M,"10,000+",Free,0,Everyone,"February 07, 2023"
Education App 200,EDUCATION,4.121679748649176,246,79.9M,"5,000+",Free,0,Everyone,"October 09, 2023"
Game App 592,GAME,4.024459544172258,2769,105.5M,"1,000,000+",Paid,$10.19,Everyone,"September 17, 2024"
Productivity App 130,PRODUCTIVITY,3.738842017301492,205,18.5M,"10,000+",Paid,$23.02,Everyone,"April 13, 2024"
Game App 91,GAME,4.756041813439899,192,12.8M,"5,000+",Free,0,Mature 17+,"July 26, 2023"
Photography App 638,PHOTOGRAPHY,4.84819377601903,2629,74.2M,"100,000+",Free,0,Teen,"April 16, 2024"
Game App 127,GAME,4.426407386510509,1058,11.9M,"50,000+",Paid,$27.86,Everyone,"September 19, 2024"
Education App 655,EDUCATION,3.8878472432918563,397,21.9M,"500,000+",Paid,$15.41,Everyone 10+,"February 10, 2023"
Social App 164,SOCIAL,3.855716682407758,7313,78.0M,"100,000+",Free,0,Everyone,"July 07, 2024"
Productivity App 112,PRODUCTIVITY,3.6662175698616664,1419,62.0M,"10,000+",Free,0,Mature 17+,"May 25, 2024"
Health And Fitness App 835,HEALTH_AND_FITNESS,3.9950215636670534,6371,30.3M,"10,000+",Free,0,Everyone,"March 19, 2023"
Game App 703,GAME,4.226589511895947,43,3.6M,"10,000+",Free,0,Everyone,"September 24, 2024"
Shopping App 318,SHOPPING,4.194282103906627,7731,1.8M,"500,000+",Paid,$26.49,Everyone,"October 07, 2023"
Photography App 491,PHOTOGRAPHY,4.076943071556096,26,18.3M,"50,000+",Free,0,Everyone,"December 19, 2023"
Tools App 665,TOOLS,3.9401157556514135,1134,48.8M,"10,000+",Free,0,Teen,"April 22, 2024"
Shopping App 673,SHOPPING,4.282385357255362,275,Varies with device,"100,000+",Free,0,Everyone,"July 31, 2023"
Business App 427,BUSINESS,3.4120830258464983,4824,24.2M,"10,000+",Free,0,Everyone,"July 15, 2023"
Tools App 613,TOOLS,3.8137859990518823,1537,50.1M,"100,000+",Free,0,Everyone,"February 10, 2023"
Music And Audio App 73,MUSIC_AND_AUDIO,3.7722561989975922,42,10.6M,"100,000+",Free,0,Teen,"March 30, 2024"
Tools App 3,TOOLS,4.438554890134771,101,44.4M,"100,000+",Free,0,Everyone,"March 17, 2024"
Tools App 438,TOOLS,4.215509657878819,1410,32.8M,"10,000+",Free,0,Everyone,"June 11, 2024"
Health And Fitness App 345,HEALTH_AND_FITNESS,3.8677550190446146,11460,24.3M,"5,000+",Free,0,Teen,"November 02, 2023"
Health And Fitness App 287,HEALTH_AND_FITNESS,4.867369192530066,5,39.5M,"5,000,000+",Free,0,Everyone,"June 01, 2023"
Communication App 13,COMMUNICATION,3.65880896444587,1372,33.3M,"1,000+",Free,0,Everyone,"February 09, 2024"
Game App 827,GAME,4.107487962557745,413,Varies with device,"100,000,000+",Free,0,Everyone,"November 10, 2024"
Productivity App 679,PRODUCTIVITY,3.5443067483026245,2,3.5M,"50,000+",Free,0,Everyone,"October 14, 2024"
Business App 364,BUSINESS,4.858790052881325,20701,69.5M,"500,000+",Free,0,Teen,"September 05, 2024"
Education App 109,EDUCATION,3.864709968670664,41,49.6M,"5,000+",Free,0,Everyone,"September 19, 2023"
Photography App 788,PHOTOGRAPHY,2.9997815560435095,89,41.8M,"50,000+",Free,0,Everyone,"May 06, 2024"
Photography App 305,PHOTOGRAPHY,4.194125870318512,4,47.9M,"1,000+",Free,0,Everyone,"March 09, 2024"
Social App 182,SOCIAL,4.658942610901211,3195,39.1M,"1,000+",Free,0,Everyone 10+,"November 19, 2024"
Music And Audio App 410,MUSIC_AND_AUDIO,3.382847177625655,707,44.1M,"50,000+",Paid,$5.1,Teen,"February 02, 2023"
Finance App 871,FINANCE,4.529082083786506,2199,8.7M,"5,000,000+",Free,0,Everyone,"April 24, 2023"
Shopping App 695,SHOPPING,4.031675931462236,2514,65.2M,"1,000,000+",Free,0,Everyone,"November 06, 2024"
Music And Audio App 720,MUSIC_AND_AUDIO,,100,64.7M,"1,000,000+",Free,0,Everyone,"February 09, 2024"
Photography App 43,PHOTOGRAPHY,4.4866888728148755,17824,64.3M,"500,000+",Free,0,Mature 17+,"December 25, 2023"
Tools App 811,TOOLS,4.105900474035948,65,64.8M,"500,000+",Free,0,Teen,"March 24, 2024"
Finance App 485,FINANCE,4.262687768738858,1558,49.5M,"100,000+",Free,0,Everyone,"May 10, 2023"
Productivity App 371,PRODUCTIVITY,4.078450568546469,25,74.7M,"100,000+",Free,0,Teen,"April 11, 2024"
Social App 711,SOCIAL,3.7563941284586493,212,30.6M,"5,000+",Paid,$29.2,Everyone,"October 08, 2023"
Tools App 819,TOOLS,4.238576044081865,673,86.3M,"100,000+",Free,0,Teen,"July 05, 2024"
Photography App 519,PHOTOGRAPHY,3.93749494808048,212,76.3M,"50,000+",Free,0,Teen,"January 11, 2023"
Social App 799,SOCIAL,4.4493541834602555,174,13.1M,"5,000+",Free,0,Teen,"July 02, 2023"
Photography App 699,PHOTOGRAPHY,4.814934838117991,176,1.0M,"1,000,000+",Paid,$28.77,Mature 17+,"July 06, 2023"
Game App 323,GAME,4.065950558013939,911,78.0M,"5,000+",Free,0,Everyone 10+,"July 05, 2024"
Finance App 723,FINANCE,3.9581311470406177,1974,30.1M,"100,000+",Free,0,Everyone,"December 11, 2023"
Finance App 336,FINANCE,3.04191101987626,10245,1.3M,"1,000,000+",Free,0,Teen,"September 24, 2023"
Music And Audio App 372,MUSIC_AND_AUDIO,3.932963248000783,1400,31.8M,"1,000,000+",Free,0,Teen,"November 11, 2024"
Productivity App 56,PRODUCTIVITY,4.376208911878434,8,16.7M,"50,000+",Free,0,Teen,"March 09, 2023"
Social App 724,SOCIAL,4.351559245301367,7766,1.0M,"50,000+",Free,0,Teen,"June 22, 2024"
Health And Fitness App 511,HEALTH_AND_FITNESS,5.0,2768,Varies with device,"1,000+",Free,0,Everyone,"November 12, 2024"
Productivity App 716,PRODUCTIVITY,3.5422715116225856,49,12.4M,"5,000+",Free,0,Everyone,"August 28, 2023"
Business App 41,BUSINESS,3.6278040991305147,620,47.8M,"10,000+",Free,0,Everyone,"July 31, 2023"
Productivity App 736,PRODUCTIVITY,3.8391809349368344,571,69.2M,"1,000+",Paid,$22.17,Everyone,"April 11, 2024"
Education App 764,EDUCATION,5.0,2,26.6M,"500,000+",Free,0,Everyone,"August 01, 2024"
Finance App 537,FINANCE,,7,96.7M,"1,000+",Free,0,Teen,"October 15, 2023"
Photography App 659,PHOTOGRAPHY,4.157508147425623,5985,35.9M,"5,000+",Free,0,Everyone,"April 24, 2023"
Photography App 179,PHOTOGRAPHY,4.292574792096632,30892,17.2M,"1,000,000+",Free,0,Teen,"July 09, 2023"
Tools App 177,TOOLS,4.304266524171054,138,33.6M,"50,000+",Free,0,Teen,"November 04, 2024"
Education App 886,EDUCATION,4.399811222074816,11,9.8M,"10,000+",Free,0,Teen,"October 30, 2024"
Education App 59,EDUCATION,4.163589656514995,611,Varies with device,"10,000,000+",Free,0,Everyone,"February 22, 2023"
Health And Fitness App 578,HEALTH_AND_FITNESS,5.0,3043,42.9M,"10,000+",Free,0,Everyone,"July 02, 2023"
Health And Fitness App 777,HEALTH_AND_FITNESS,4.1719708210968784,590,27.9M,"100,000,000+",Free,0,Everyone,"March 21, 2024"
Social App 17,SOCIAL,4.9755802283558435,1685,20.9M,"1,000,000+",Free,0,Mature 17+,"April 07, 2023"
Communication App 334,COMMUNICATION,3.7734371352893272,673,51.5M,"1,000,000+",Free,0,Teen,"April 30, 2024"
Productivity App 779,PRODUCTIVITY,3.5406254518239284,212,50.9M,"100,000+",Free,0,Everyone,"June 17, 2024"
Business App 446,BUSINESS,3.0427879447859105,1390,1.0M,"500,000+",Free,0,Everyone,"September 03, 2024"
Game App 669,GAME,4.5595305010323735,1923,58.0M,"50,000+",Free,0,Mature 17+,"December 12, 2023"
Photography App 533,PHOTOGRAPHY,3.6300740353873975,172,35.6M,"5,000,000+",Free,0,Everyone,"June 26, 2023"
Social App 392,SOCIAL,3.331649511642796,6876,10.8M,"1,000+",Free,0,Everyone,"November 09, 2023"
Photography App 448,PHOTOGRAPHY,4.200117684584666,2769,92.1M,"100,000+",Free,0,Mature 17+,"August 02, 2023"
Photography App 667,PHOTOGRAPHY,3.622833834722802,80,18.6M,"500,000+",Free,0,Everyone,"January 15, 2023"
Photography App 841,PHOTOGRAPHY,3.93844576599282,962,3.3M,"100,000+",Free,0,Everyone,"September 23, 2023"
Education App 609,EDUCATION,4.210159345876242,947,7.9M,"50,000+",Free,0,Everyone,"February 24, 2024"
Finance App 791,FINANCE,3.6697450614881637,6236,1.0M,"500,000+",Free,0,Teen,"April 24, 2024"
Tools App 30,TOOLS,4.358088705709994,160,42.7M,"1,000,000+",Free,0,Everyone,"January 24, 2024"
Social App 878,SOCIAL,4.259037796076794,448,78.1M,"10,000+",Free,0,Everyone 10+,"August 22, 2023"
Tools App 341,TOOLS,4.186865433092218,3666,63.5M,"500,000+",Free,0,Everyone,"October 22, 2023"
Business App 618,BUSINESS,3.758479864806014,9,63.8M,"100,000+",Paid,$8.41,Everyone,"February 14, 2023"
Shopping App 398,SHOPPING,3.5722277233119737,803,1.0M,"10,000+",Free,0,Everyone,"May 13, 2023"
Health And Fitness App 769,HEALTH_AND_FITNESS,4.297703655012543,169,39.4M,"10,000+",Free,0,Everyone,"March 04, 2023"
Photography App 558,PHOTOGRAPHY,4.08667074616278,5578,22.4M,"10,000+",Free,0,Teen,"July 15, 2024"
Education App 204,EDUCATION,4.879848242879902,10405,14.0M,"50,000+",Free,0,Everyone,"February 20, 2024"
Tools App 33,TOOLS,4.137784467968292,3630,64.3M,"1,000+",Free,0,Teen,"September 09, 2023"
Health And Fitness App 439,HEALTH_AND_FITNESS,4.756147496125076,37778,12.4M,"5,000,000+",Free,0,Everyone,"March 15, 2024"
Productivity App 430,PRODUCTIVITY,4.366802668185006,450,74.5M,"1,000,000+",Free,0,Everyone,"February 25, 2023"
Tools App 157,TOOLS,4.22976835047863,399,25.5M,"10,000,000+",Paid,$27.99,Everyone 10+,"March 06, 2023"
Shopping App 568,SHOPPING,4.529378714645748,1548,42.2M,"10,000+",Free,0,Teen,"March 28, 2024"
Social App 335,SOCIAL,3.6185405730512374,993,1.0M,"100,000+",Free,0,Everyone,"December 10, 2023"
Education App 466,EDUCATION,4.146081599741987,3708,30.7M,"1,000+",Paid,$16.67,Teen,"April 01, 2023"
Education App 564,EDUCATION,3.8697343548542467,1117,37.6M,"5,000,000+",Free,0,Everyone,"March 26, 2024"
Finance App 541,FINANCE,4.0167145342600685,4046,1.0M,"5,000+",Free,0,Everyone,"November 21, 2023"
Productivity App 856,PRODUCTIVITY,4.437354556046747,94,28.2M,"1,000,000+",Free,0,Everyone,"November 29, 2024"
Education App 4,EDUCATION,4.972285445027522,6794,61.1M,"500,000+",Free,0,Teen,"August 06, 2023"
Health And Fitness App 560,HEALTH_AND_FITNESS,4.438427576938594,109962,13.7M,"10,000,000+",Free,0,Everyone,"May 12, 2023"
Productivity App 131,PRODUCTIVITY,4.999928935779064,421,24.3M,"10,000+",Free,0,Everyone 10+,"January 21, 2024"
Shopping App 580,SHOPPING,4.152871446767593,3956,27.3M,"100,000+",Free,0,Everyone,"April 21, 2023"
Game App 343,GAME,4.609080263733588,114,1.0M,"10,000+",Free,0,Everyone 10+,"April 20, 2023"
Tools App 770,TOOLS,3.5903180729449806,848,Varies with device,"1,000,000+",Free,0,Everyone,"April 16, 2024"
Communication App 513,COMMUNICATION,4.117916195459276,413,Varies with device,"1,000+",Paid,$27.57,Everyone,"October 04, 2023"
Productivity App 322,PRODUCTIVITY,4.742436845615857,735,3.6M,"100,000+",Free,0,Everyone,"January 11, 2024"
Game App 223,GAME,4.2564564405769865,23,2.5M,"500,000+",Free,0,Teen,"November 28, 2024"
Photography App 329,PHOTOGRAPHY,3.823366352347489,3044,Varies with device,"100,000+",Free,0,Everyone,"November 16, 2023"
Photography App 482,PHOTOGRAPHY,4.353371839064789,5,13.1M,"10,000+",Free,0,Mature 17+,"November 19, 2024"
Productivity App 437,PRODUCTIVITY,3.874127998623015,1263,Varies with device,"500,000+",Free,0,Teen,"August 17, 2023"
Health And Fitness App 114,HEALTH_AND_FITNESS,3.749943376046792,408,1.0M,"10,000+",Free,0,Everyone,"February 23, 2024"
Tools App 49,TOOLS,4.231738514144802,973,83.1M,"1,000,000+",Free,0,Everyone,"February 26, 2024"
Game App 290,GAME,4.087306233002772,70,64.2M,"500,000+",Free,0,Everyone,"March 19, 2023"
Education App 457,EDUCATION,3.7816735645784956,1176,40.7M,"50,000+",Free,0,Everyone,"May 09, 2024"
Tools App 207,TOOLS,4.084690126950978,202,36.2M,"1,000+",Free,0,Everyone 10+,"January 19, 2023"
Finance App 890,FINANCE,3.7490481889774925,347,1.0M,"1,000+",Free,0,Everyone,"November 11, 2024"
Social App 286,SOCIAL,3.3537525293091273,72,64.5M,"100,000+",Free,0,Everyone,"March 17, 2024"
Game App 688,GAME,4.194702052073352,292,4.0M,"10,000,000+",Free,0,Everyone,"June 27, 2023"
Health And Fitness App 226,HEALTH_AND_FITNESS,3.8829140992419457,365,1.0M,"10,000+",Free,0,Everyone,"March 21, 2024"
Photography App 545,PHOTOGRAPHY,4.412666013014477,1012,64.1M,"5,000+",Free,0,Teen,"March 20, 2023"
Finance App 121,FINANCE,4.445114286427851,60958,20.7M,"10,000,000+",Free,0,Teen,"April 23, 2023"
Tools App 471,TOOLS,3.4441371563257936,2872,24.2M,"100,000+",Free,0,Everyone,"November 27, 2024"
Shopping App 842,SHOPPING,4.746005323081402,13,58.0M,"5,000+",Free,0,Teen,"October 24, 2024"
Productivity App 554,PRODUCTIVITY,4.445834297075789,873,71.9M,"50,000+",Free,0,Mature 17+,"May 08, 2023"
Music And Audio App 222,MUSIC_AND_AUDIO,3.608922896873241,70,36.3M,"1,000,000+",Free,0,Mature 17+,"March 01, 2023"
Social App 683,SOCIAL,4.346524480278537,48613,30.8M,"5,000,000+",Free,0,Everyone,"July 29, 2024"
Music And Audio App 172,MUSIC_AND_AUDIO,3.959969435605685,265,41.2M,"1,000,000+",Free,0,Everyone,"November 21, 2023"
Finance App 713,FINANCE,4.66920194233485,178,1.0M,"50,000,000+",Free,0,Everyone,"April 08, 2024"
Social App 708,SOCIAL,4.150697285521129,111,16.1M,"100,000+",Free,0,Teen,"June 06, 2024"
Tools App 633,TOOLS,4.167249546927455,5637,8.7M,"500,000+",Free,0,Everyone,"August 21, 2024"
Game App 859,GAME,4.361087099299452,12,1.0M,"10,000,000+",Free,0,Everyone,"July 01, 2023"
Shopping App 413,SHOPPING,4.098888494037948,1985,51.2M,"100,000,000+",Free,0,Everyone,"August 31, 2023"
Education App 474,EDUCATION,4.176071266239628,309,30.2M,"100,000+",Paid,$14.15,Everyone,"April 25, 2024"
Finance App 706,FINANCE,4.8867967711998075,25,31.9M,"1,000,000+",Free,0,Mature 17+,"November 23, 2024"
Social App 124,SOCIAL,4.468199476724043,83,1.0M,"10,000+",Free,0,Teen,"August 02, 2023"
Shopping App 531,SHOPPING,2.472271888998825,576,51.5M,"5,000,000+",Free,0,Teen,"December 08, 2023"
Productivity App 181,PRODUCTIVITY,4.520970193856643,4501,58.2M,"10,000,000+",Free,0,Everyone,"November 17, 2024"
Productivity App 162,PRODUCTIVITY,3.3832991567361805,184,1.0M,"10,000+",Free,0,Teen,"June 16, 2024"
Productivity App 860,PRODUCTIVITY,4.368971548504875,15420,30.5M,"1,000+",Free,0,Everyone,"May 02, 2024"
Tools App 600,TOOLS,4.266675580519243,118029,36.8M,"5,000+",Paid,$13.64,Everyone,"May 29, 2023"
Game App 118,GAME,4.720979132141279,7331,16.1M,"50,000+",Free,0,Everyone 10+,"May 19, 2023"
Education App 597,EDUCATION,3.959706340459259,879,71.6M,"1,000,000+",Free,0,Teen,"June 11, 2023"
Music And Audio App 885,MUSIC_AND_AUDIO,5.0,22,20.6M,"100,000+",Free,0,Everyone,"August 29, 2023"
Social App 757,SOCIAL,5.0,14318,59.8M,"50,000+",Free,0,Everyone,"March 27, 2024"
Education App 594,EDUCATION,3.522689462721394,1204,68.8M,"10,000+",Free,0,Mature 17+,"September 17, 2023"
Music And Audio App 621,MUSIC_AND_AUDIO,4.547591662908204,9627,27.6M,"50,000,000+",Free,0,Everyone,"February 16, 2023"
Health And Fitness App 458,HEALTH_AND_FITNESS,4.139102400892677,78800,43.2M,"100,000+",Free,0,Everyone,"June 04, 2023"
Photography App 522,PHOTOGRAPHY,4.154244745600781,22,14.3M,"1,000,000+",Paid,$6.84,Everyone,"September 04, 2023"
Productivity App 241,PRODUCTIVITY,4.025639752351605,407,39.3M,"100,000+",Free,0,Everyone,"July 27, 2024"
Photography App 135,PHOTOGRAPHY,3.333363537390855,231,Varies with device,"10,000+",Free,0,Everyone,"August 04, 2023"
Tools App 156,TOOLS,4.812443102552152,3790,16.5M,"5,000+",Free,0,Everyone 10+,"May 06, 2023"
Music And Audio App 354,MUSIC_AND_AUDIO,3.8225442774490586,1222,16.7M,"500,000+",Free,0,Everyone,"September 09, 2023"
Health And Fitness App 140,HEALTH_AND_FITNESS,4.451158049672165,4748,75.2M,"1,000,000+",Free,0,Everyone,"November 14, 2023"
Productivity App 415,PRODUCTIVITY,3.5758762504331005,83,51.4M,"1,000,000+",Free,0,Everyone,"July 09, 2024"
Health And Fitness App 61,HEALTH_AND_FITNESS,3.8743442161431,4,79.7M,"1,000,000+",Free,0,Teen,"December 30, 2023"
Education App 820,EDUCATION,3.7236225185467644,230,36.2M,"100,000+",Free,0,Everyone,"January 26, 2024"
Photography App 845,PHOTOGRAPHY,4.145704285241545,2126,37.2M,"50,000,000+",Paid,$1.54,Everyone,"October 08, 2024"
Education App 166,EDUCATION,3.974572019881271,1409,Varies with device,"50,000,000+",Free,0,Everyone,"July 27, 2024"
Education App 692,EDUCATION,4.97391361803713,75,26.3M,"500,000+",Paid,$27.29,Everyone,"April 13, 2023"
Health And Fitness App 301,HEALTH_AND_FITNESS,4.527267255750481,431,53.5M,"10,000,000+",Free,0,Everyone,"January 03, 2023"
Game App 215,GAME,3.3305313625165307,588,44.2M,"10,000+",Free,0,Teen,"December 20, 2023"
Productivity App 408,PRODUCTIVITY,4.382625878291158,11537,32.8M,"10,000+",Free,0,Everyone 10+,"June 20, 2023"
Game App 463,GAME,3.433231100846151,132,46.3M,"10,000,000+",Free,0,Teen,"October 14, 2023"
Photography App 298,PHOTOGRAPHY,3.9607140387541,3,26.4M,"500,000+",Free,0,Everyone,"August 21, 2024"
Tools App 395,TOOLS,3.88298675294849,45,21.1M,"5,000,000+",Free,0,Everyone,"June 18, 2023"
Finance App 132,FINANCE,4.156889909856552,1871,14.4M,"100,000+",Free,0,Everyone,"July 04, 2024"
Communication App 315,COMMUNICATION,3.885374916371223,620,30.1M,"5,000,000+",Free,0,Everyone,"January 04, 2023"
Tools App 839,TOOLS,4.246795081420124,5015,29.4M,"1,000+",Free,0,Everyone,"March 09, 2023"
Social App 826,SOCIAL,4.685523470408229,1962,Varies with device,"5,000+",Free,0,Mature 17+,"September 06, 2023"
Tools App 598,TOOLS,3.735104028465364,1440,9.2M,"1,000,000+",Free,0,Everyone 10+,"November 14, 2023"
Tools App 598,TOOLS,3.735104028465364,1440,9.2M,"1,000,000+",Free,0,Everyone 10+,"November 14, 2023"
Tools App 39,TOOLS,3.9768467248298425,27,Varies with device,"10,000+",Free,0,Teen,"December 18, 2023"
Finance App 250,FINANCE,4.445169118743591,6,49.6M,"500,000+",Free,0,Everyone,"May 24, 2024"
Social App 432,SOCIAL,3.136390620938326,294,29.2M,"10,000,000+",Free,0,Everyone,"May 17, 2024"
Game App 403,GAME,,94,1.0M,"500,000+",Free,0,Everyone,"December 10, 2023"
Education App 54,EDUCATION,4.050283204235061,235,21.4M,"10,000,000+",Paid,$23.49,Teen,"June 25, 2023"
Photography App 195,PHOTOGRAPHY,3.5474421056090693,909,1.0M,"10,000+",Paid,$25.51,Everyone,"November 02, 2023"
Music And Audio App 137,MUSIC_AND_AUDIO,4.11416367828824,2270,62.7M,"500,000+",Paid,$28.92,Teen,"April 30, 2023"
Social App 440,SOCIAL,4.631107401035978,347,65.9M,"10,000+",Free,0,Mature 17+,"September 25, 2024"
Game App 750,GAME,3.864463336800956,3950,41.2M,"1,000+",Free,0,Everyone,"November 11, 2024"
Productivity App 282,PRODUCTIVITY,4.457447821644123,22,35.4M,"100,000,000+",Free,0,Everyone,"April 26, 2024"
Education App 36,EDUCATION,4.180432642749221,1958,41.8M,"1,000+",Free,0,Everyone,"December 26, 2023"
Social App 854,SOCIAL,4.588387278530853,1629,28.6M,"5,000+",Free,0,Everyone,"November 04, 2024"
Finance App 573,FINANCE,4.3440214100373575,69,50.2M,"5,000+",Free,0,Everyone,"August 13, 2023"
Health And Fitness App 686,HEALTH_AND_FITNESS,3.689869278607623,124,36.4M,"10,000,000+",Free,0,Teen,"October 28, 2023"
Business App 379,BUSINESS,3.7527980267849377,2450,21.5M,"1,000,000+",Free,0,Everyone,"July 26, 2024"
Finance App 67,FINANCE,4.424571545132098,3403,17.2M,"500,000+",Free,0,Everyone,"July 04, 2023"
Music And Audio App 530,MUSIC_AND_AUDIO,4.595006708886199,106,55.7M,"10,000+",Free,0,Everyone,"August 23, 2023"
Photography App 464,PHOTOGRAPHY,4.81273269120512,513,1.0M,"50,000+",Free,0,Everyone,"June 16, 2024"
Tools App 477,TOOLS,3.534462367171166,211,1.0M,"100,000+",Free,0,Everyone 10+,"December 09, 2023"
Game App 53,GAME,3.3448126154493822,1936,1.0M,"10,000,000+",Free,0,Everyone,"May 21, 2023"
Music And Audio App 378,MUSIC_AND_AUDIO,3.3372548051599153,1047,109.5M,"100,000+",Free,0,Everyone,"July 09, 2024"
Game App 660,GAME,3.912618473373272,7,65.8M,"100,000+",Free,0,Teen,"November 16, 2023"
Photography App 559,PHOTOGRAPHY,4.090402246294555,1725,Varies with device,"50,000+",Free,0,Everyone,"July 04, 2023"
Productivity App 882,PRODUCTIVITY,4.372381808134007,868,31.2M,"100,000+",Free,0,Mature 17+,"May 05, 2024"
Communication App 240,COMMUNICATION,4.151434743479068,288,65.2M,"100,000+",Free,0,Teen,"January 22, 2024"
Photography App 247,PHOTOGRAPHY,3.0053891516098217,903,13.7M,"100,000+",Free,0,Everyone,"September 26, 2024"
Shopping App 864,SHOPPING,3.9562523785539465,299,1.0M,"1,000+",Free,0,Everyone,"June 30, 2023"
Education App 426,EDUCATION,3.6134076983693655,581,61.1M,"100,000+",Free,0,Everyone,"July 20, 2023"
Business App 550,BUSINESS,4.563156667987761,3174,61.4M,"100,000,000+",Free,0,Everyone,"April 22, 2023"
Game App 29,GAME,4.410192184215658,1788,32.8M,"10,000+",Free,0,Everyone,"July 24, 2023"
Tools App 834,TOOLS,3.7386779622514936,926,1.0M,"500,000+",Paid,$2.68,Everyone,"June 27, 2023"
Health And Fitness App 266,HEALTH_AND_FITNESS,4.247356773418234,14,35.5M,"10,000,000+",Paid,$16.07,Everyone,"June 30, 2024"
Health And Fitness App 599,HEALTH_AND_FITNESS,3.7804338548816374,5291,23.6M,"1,000+",Free,0,Everyone,"March 08, 2024"
Shopping App 796,SHOPPING,4.49634355165301,346,29.7M,"500,000+",Free,0,Teen,"September 07, 2023"
Communication App 245,COMMUNICATION,,1431,73.0M,"1,000,000+",Free,0,Everyone,"June 04, 2024"
Photography App 104,PHOTOGRAPHY,4.1283702461060034,135,114.7M,"5,000,000+",Free,0,Everyone 10+,"July 06, 2024"
Game App 277,GAME,4.356881705256931,2276,13.6M,"5,000,000+",Paid,$13.97,Everyone,"March 12, 2024"
Shopping App 394,SHOPPING,3.9686818480276655,44,21.7M,"10,000+",Free,0,Teen,"June 20, 2023"
Shopping App 111,SHOPPING,3.8402051629039238,119,72.6M,"100,000+",Free,0,Everyone 10+,"November 13, 2023"
Productivity App 77,PRODUCTIVITY,3.5826990595159005,341,23.4M,"10,000,000+",Free,0,Everyone,"May 26, 2024"
Tools App 160,TOOLS,4.6468458772567045,444,52.9M,"1,000,000+",Free,0,Everyone,"April 01, 2024"
Productivity App 459,PRODUCTIVITY,4.8830403987104525,10,44.3M,"1,000,000+",Free,0,Everyone,"July 08, 2024"
Communication App 236,COMMUNICATION,4.276984917579219,67,23.9M,"100,000+",Free,0,Everyone 10+,"December 25, 2023"
Health And Fitness App 412,HEALTH_AND_FITNESS,3.6845733673652736,43,3.9M,"1,000,000+",Free,0,Everyone,"April 23, 2024"
Education App 493,EDUCATION,3.9759227553554646,145,27.9M,"50,000+",Free,0,Teen,"May 14, 2023"
Education App 113,EDUCATION,3.9308851721476588,760,39.0M,"10,000,000+",Free,0,Everyone,"August 14, 2023"
Game App 630,GAME,3.9872399915528867,2,29.2M,"5,000,000+",Free,0,Everyone,"September 14, 2023"
Tools App 797,TOOLS,4.007053950316583,17873,49.0M,"1,000+",Free,0,Everyone,"September 22, 2024"
Photography App 527,PHOTOGRAPHY,4.206582632139691,84,27.9M,"10,000+",Free,0,Everyone,"April 14, 2023"
Social App 509,SOCIAL,4.397372828762562,280,93.1M,"5,000+",Free,0,Everyone 10+,"August 24, 2024"
Productivity App 330,PRODUCTIVITY,4.303775744240858,53,15.4M,"5,000,000+",Paid,$27.15,Mature 17+,"February 14, 2024"
Photography App 263,PHOTOGRAPHY,4.063705746716333,105,1.0M,"10,000+",Free,0,Everyone,"June 09, 2024"
Business App 224,BUSINESS,3.716023006124686,197,36.5M,"5,000,000+",Free,0,Everyone,"September 19, 2023"
Photography App 467,PHOTOGRAPHY,3.7881935515942047,58,14.0M,"5,000+",Free,0,Everyone,"June 02, 2023"
Finance App 875,FINANCE,3.871599553071032,43,1.0M,"10,000+",Free,0,Everyone,"May 10, 2024"
Productivity App 694,PRODUCTIVITY,3.2496495611728378,41892,40.4M,"10,000+",Free,0,Everyone,"June 07, 2023"
Communication App 505,COMMUNICATION,4.135447891826972,229,50.9M,"5,000+",Free,0,Everyone,"October 16, 2023"
Tools App 814,TOOLS,3.931540979370642,1324,23.7M,"50,000+",Free,0,Everyone,"July 23, 2024"
Finance App 168,FINANCE,3.764033737781463,22,38.0M,"50,000+",Free,0,Everyone,"July 20, 2024"
Shopping App 722,SHOPPING,4.3404221814649295,1435,39.0M,"50,000,000+",Paid,$13.07,Everyone,"December 11, 2023"
Productivity App 242,PRODUCTIVITY,4.11609592851853,30,51.9M,"5,000,000+",Free,0,Teen,"January 15, 2023"
Photography App 634,PHOTOGRAPHY,4.000074678559204,292,7.8M,"1,000+",Free,0,Everyone,"June 28, 2024"
Communication App 740,COMMUNICATION,4.16705003797853,6,41.4M,"500,000+",Free,0,Everyone,"June 27, 2024"
Social App 155,SOCIAL,4.430428054905736,95,27.7M,"5,000,000+",Free,0,Everyone 10+,"August 22, 2023"
Game App 872,GAME,4.898692556796866,1098,55.8M,"50,000+",Free,0,Teen,"November 15, 2023"
Game App 25,GAME,4.268269988456839,13,51.1M,"1,000,000+",Free,0,Teen,"December 19, 2023"
Photography App 295,PHOTOGRAPHY,4.8328101607073926,204,61.6M,"500,000+",Free,0,Everyone,"March 06, 2024"
Social App 853,SOCIAL,4.435188820288368,230,28.0M,"5,000+",Free,0,Everyone,"June 09, 2023"
Finance App 444,FINANCE,3.219558306272729,830,45.8M,"100,000,000+",Free,0,Teen,"September 13, 2023"
Social App 657,SOCIAL,4.450283457287161,220,1.0M,"10,000+",Free,0,Everyone,"November 30, 2024"
Communication App 894,COMMUNICATION,3.626849303419155,8,47.5M,"100,000+",Free,0,Everyone,"May 22, 2023"
Tools App 151,TOOLS,3.858222965436692,209,39.1M,"1,000,000+",Free,0,Everyone,"July 17, 2024"
Social App 42,SOCIAL,3.521580811630893,45,25.5M,"5,000,000+",Free,0,Everyone,"January 14, 2023"
Shopping App 347,SHOPPING,4.242201557636099,10,40.8M,"50,000+",Free,0,Everyone,"June 16, 2023"
Social App 95,SOCIAL,3.899109789766227,359,25.5M,"1,000+",Free,0,Everyone,"November 03, 2023"
Social App 729,SOCIAL,4.140739162589595,203,43.6M,"1,000+",Free,0,Everyone,"March 14, 2024"
Health And Fitness App 218,HEALTH_AND_FITNESS,4.647028043713946,254,65.8M,"1,000+",Paid,$14.54,Mature 17+,"December 06, 2023"
Finance App 707,FINANCE,3.9997882199407697,11295,21.8M,"10,000,000+",Free,0,Everyone,"February 24, 2023"
Education App 382,EDUCATION,4.167900585585722,179,61.7M,"10,000,000+",Free,0,Teen,"August 22, 2023"
Finance App 24,FINANCE,3.736312717594428,185,18.7M,"500,000+",Free,0,Everyone,"January 20, 2023"
Education App 269,EDUCATION,4.939662479910482,2031,30.0M,"5,000+",Free,0,Mature 17+,"February 25, 2024"
Productivity App 389,PRODUCTIVITY,3.9916551601365096,8023,10.8M,"5,000,000+",Free,0,Everyone 10+,"December 18, 2023"
Shopping App 525,SHOPPING,3.3976604531990047,162,30.4M,"5,000,000+",Free,0,Mature 17+,"July 12, 2023"
Education App 353,EDUCATION,3.9103947172650795,326,83.3M,"10,000,000+",Free,0,Everyone,"June 06, 2023"
Tools App 417,TOOLS,3.3813055441560915,152,4.0M,"1,000+",Free,0,Teen,"July 19, 2024"
Game App 293,GAME,3.39305081129544,20,55.7M,"10,000,000+",Free,0,Everyone,"September 27, 2024"
Photography App 201,PHOTOGRAPHY,3.9912070551526724,118,27.9M,"1,000,000+",Free,0,Everyone,"March 31, 2024"
Music And Audio App 174,MUSIC_AND_AUDIO,4.731765453193692,410,4.7M,"50,000+",Free,0,Teen,"November 06, 2024"
Photography App 101,PHOTOGRAPHY,3.759293638200321,292,81.8M,"50,000,000+",Free,0,Everyone,"May 07, 2023"
Health And Fitness App 26,HEALTH_AND_FITNESS,4.506838597151814,28,7.3M,"100,000+",Free,0,Teen,"November 03, 2024"
Social App 92,SOCIAL,3.9667237914634685,118,34.2M,"100,000+",Free,0,Everyone,"February 19, 2024"
Productivity App 697,PRODUCTIVITY,4.532828424440132,108,24.8M,"100,000,000+",Paid,$17.06,Everyone,"August 01, 2024"
Finance App 861,FINANCE,3.288676386460216,20788,36.1M,"50,000+",Paid,$8.59,Mature 17+,"November 11, 2023"
Business App 217,BUSINESS,4.0957316100273164,64,63.6M,"10,000+",Free,0,Everyone,"May 29, 2024"
Game App 277,GAME,4.356881705256931,2276,13.6M,"5,000,000+",Paid,$13.97,Everyone,"March 12, 2024"
Tools App 490,TOOLS,3.600965302595862,830,20.9M,"1,000,000+",Free,0,Mature 17+,"February 15, 2023"
Tools App 693,TOOLS,3.7964978778979774,589,Varies with device,"500,000+",Free,0,Everyone,"November 16, 2023"
Music And Audio App 355,MUSIC_AND_AUDIO,3.908125964974219,2892,35.1M,"500,000+",Paid,$12.95,Mature 17+,"July 27, 2024"
Tools App 645,TOOLS,4.026315119916891,6162,14.7M,"10,000+",Free,0,Everyone,"August 17, 2024"
Communication App 243,COMMUNICATION,4.888057241333255,30,46.1M,"1,000+",Free,0,Everyone,"July 15, 2024"
Music And Audio App 410,MUSIC_AND_AUDIO,3.382847177625655,707,44.1M,"50,000+",Paid,$5.1,Teen,"February 02, 2023"
Photography App 74,PHOTOGRAPHY,2.769175573939275,1771,Varies with device,"5,000+",Free,0,Everyone,"January 16, 2024"
Shopping App 887,SHOPPING,4.135431854331054,24,57.3M,"500,000+",Free,0,Everyone,"May 18, 2024"
Finance App 119,FINANCE,4.7623265412879805,3137,50.0M,"50,000+",Free,0,Mature 17+,"February 02, 2024"
Health And Fitness App 115,HEALTH_AND_FITNESS,4.149517689024298,1270,45.0M,"100,000,000+",Free,0,Teen,"March 22, 2024"
Tools App 521,TOOLS,3.5995405799918476,1031,106.0M,"50,000+",Free,0,Everyone,"August 03, 2023"
Game App 6,GAME,4.178468845003513,61,46.2M,"50,000,000+",Free,0,Mature 17+,"July 28, 2024"
Education App 476,EDUCATION,4.276036474941113,511,39.4M,"50,000+",Free,0,Teen,"June 20, 2023"
Tools App 794,TOOLS,4.305794018984196,3604,38.2M,"5,000,000+",Free,0,Mature 17+,"October 11, 2024"
Education App 889,EDUCATION,4.973226787052439,79,20.3M,"100,000+",Free,0,Everyone,"October 28, 2024"
Health And Fitness App 70,HEALTH_AND_FITNESS,4.2992170020613765,4572,54.9M,"1,000,000+",Free,0,Teen,"July 19, 2024"
Health And Fitness App 15,HEALTH_AND_FITNESS,3.923915550177271,27,1.0M,"500,000+",Free,0,Everyone,"December 27, 2023"
Game App 596,GAME,3.859057022973155,697,31.2M,"1,000,000+",Free,0,Everyone,"January 08, 2024"
Health And Fitness App 572,HEALTH_AND_FITNESS,4.133864365693935,15004,7.0M,"5,000+",Free,0,Everyone,"September 07, 2023"
Communication App 370,COMMUNICATION,3.8793613199179195,8,53.7M,"5,000,000+",Free,0,Everyone 10+,"August 24, 2023"
Social App 79,SOCIAL,,1109,Varies with device,"1,000+",Free,0,Teen,"October 13, 2023"
Finance App 480,FINANCE,3.6451512220756728,199,21.7M,"500,000+",Free,0,Mature 17+,"June 02, 2024"
Education App 670,EDUCATION,3.8666248470899336,2888,34.1M,"5,000,000+",Paid,$26.15,Teen,"May 07, 2024"
Education App 55,EDUCATION,3.6971007170558483,1677,49.5M,"100,000+",Free,0,Everyone,"December 14, 2023"
Education App 468,EDUCATION,3.3459421041624395,109,Varies with device,"5,000,000+",Free,0,Everyone,"March 29, 2024"
Photography App 267,PHOTOGRAPHY,4.307306841874675,13,62.8M,"10,000+",Free,0,Everyone,"September 04, 2024"
Game App 725,GAME,4.63119430852392,97,32.5M,"10,000+",Free,0,Everyone,"May 18, 2024"
Shopping App 515,SHOPPING,3.5782842408100732,2146,34.7M,"5,000,000+",Free,0,Everyone,"January 22, 2023"
Tools App 538,TOOLS,4.527820278135922,53,51.0M,"1,000,000+",Free,0,Everyone,"December 09, 2023"
Health And Fitness App 804,HEALTH_AND_FITNESS,4.65870114425703,168,35.6M,"100,000+",Free,0,Everyone,"December 17, 2023"
Social App 504,SOCIAL,3.877868013263778,3074,30.9M,"10,000+",Free,0,Everyone,"August 09, 2023"
Tools App 870,TOOLS,3.6191799120964214,67,Varies with device,"1,000+",Free,0,Mature 17+,"July 30, 2024"
Health And Fitness App 167,HEALTH_AND_FITNESS,4.198907494203182,958,29.0M,"5,000+",Free,0,Everyone,"April 29, 2023"
Music And Audio App 639,MUSIC_AND_AUDIO,3.8576466747310962,5,45.0M,"10,000+",Free,0,Teen,"March 27, 2023"
Game App 332,GAME,4.15833392372089,43,32.2M,"1,000,000+",Free,0,Everyone,"July 07, 2023"
Shopping App 666,SHOPPING,3.938057646421356,82,Varies with device,"5,000,000+",Free,0,Teen,"April 08, 2023"
Education App 248,EDUCATION,3.366976655592445,11289,4.0M,"10,000+",Free,0,Everyone,"April 26, 2024"
Game App 374,GAME,3.413282274004916,199,64.3M,"500,000+",Free,0,Mature 17+,"January 29, 2024"
Photography App 104,PHOTOGRAPHY,4.1283702461060034,135,114.7M,"5,000,000+",Free,0,Everyone 10+,"July 06, 2024"
Productivity App 473,PRODUCTIVITY,4.0540049593084735,24,90.3M,"10,000+",Free,0,Everyone,"February 16, 2023"
Communication App 500,COMMUNICATION,3.621549952524096,17023,Varies with device,"1,000+",Free,0,Mature 17+,"April 01, 2023"
Productivity App 590,PRODUCTIVITY,4.184738313085268,384,1.0M,"100,000+",Free,0,Everyone,"May 04, 2024"
Social App 781,SOCIAL,4.454330544827945,59592,56.5M,"10,000+",Free,0,Mature 17+,"August 31, 2024"
Finance App 743,FINANCE,3.0422640789074196,128,96.3M,"1,000+",Free,0,Mature 17+,"November 22, 2024"
Shopping App 308,SHOPPING,4.312980409440997,1526,40.0M,"10,000,000+",Free,0,Everyone,"November 09, 2024"
Game App 502,GAME,3.623570490870512,1608,1.0M,"100,000+",Free,0,Everyone,"December 15, 2023"
Communication App 235,COMMUNICATION,4.09990593408795,41,48.2M,"500,000+",Free,0,Everyone,"July 16, 2023"
Game App 664,GAME,4.702658772785455,640,78.3M,"1,000+",Free,0,Teen,"April 29, 2023"
Tools App 431,TOOLS,4.103505046477142,56,45.7M,"50,000+",Paid,$20.15,Teen,"August 11, 2024"
Social App 583,SOCIAL,3.2871978163964974,33,57.7M,"5,000,000+",Free,0,Teen,"July 19, 2024"
Tools App 192,TOOLS,3.8292612374452815,1835,58.5M,"500,000+",Free,0,Teen,"March 30, 2023"
Music And Audio App 152,MUSIC_AND_AUDIO,3.93714608494349,42,25.9M,"1,000,000+",Free,0,Everyone,"April 10, 2024"
Shopping App 436,SHOPPING,4.4857593099668085,6794,16.2M,"10,000+",Free,0,Everyone,"October 12, 2024"
Health And Fitness App 257,HEALTH_AND_FITNESS,3.891929827719609,1432,20.6M,"1,000+",Free,0,Everyone,"May 19, 2023"
Shopping App 883,SHOPPING,2.6099885430277747,2222,60.5M,"1,000+",Free,0,Teen,"May 13, 2023"
Health And Fitness App 616,HEALTH_AND_FITNESS,4.191568693020594,59,48.4M,"5,000,000+",Free,0,Everyone,"February 22, 2024"
Shopping App 717,SHOPPING,4.1403583162590225,924,43.9M,"100,000,000+",Free,0,Teen,"April 24, 2024"
Game App 542,GAME,3.516836872097765,1481,35.9M,"50,000+",Free,0,Everyone,"October 03, 2024"
Health And Fitness App 570,HEALTH_AND_FITNESS,4.271198367813347,809,35.1M,"50,000+",Free,0,Everyone,"August 29, 2024"
Social App 384,SOCIAL,4.711043510550257,64,12.7M,"1,000,000+",Free,0,Teen,"March 15, 2023"
Tools App 146,TOOLS,4.424631618845358,905,5.1M,"1,000,000+",Free,0,Everyone,"August 07, 2024"
Game App 817,GAME,4.211931766112446,2326,17.5M,"1,000+",Free,0,Everyone,"September 20, 2024"
Business App 816,BUSINESS,4.476796682939489,0,Varies with device,"10,000,000+",Free,0,Teen,"September 20, 2024"
Social App 534,SOCIAL,4.232118938322843,2191,14.9M,"1,000,000+",Free,0,Everyone,"February 29, 2024"
Finance App 216,FINANCE,4.105151237285424,471,1.0M,"5,000+",Paid,$21.69,Everyone 10+,"May 22, 2023"
Education App 702,EDUCATION,4.044595705209146,7812,6.0M,"100,000+",Free,0,Teen,"December 31, 2023"
Communication App 829,COMMUNICATION,4.099525047443353,114,43.1M,"10,000+",Free,0,Teen,"March 19, 2024"
Shopping App 615,SHOPPING,3.403942457822556,920,49.2M,"500,000+",Free,0,Teen,"July 19, 2024"
Photography App 197,PHOTOGRAPHY,4.454176387552773,63,1.9M,"50,000+",Paid,$14.02,Everyone,"March 03, 2024"
Finance App 778,FINANCE,3.906859713102837,1837,40.5M,"100,000+",Free,0,Everyone,"January 21, 2024"
Game App 496,GAME,4.470369457116718,244,1.0M,"500,000+",Free,0,Mature 17+,"February 08, 2023"
Tools App 18,TOOLS,3.8759360441369823,75,46.5M,"50,000+",Free,0,Everyone 10+,"June 05, 2024"
Health And Fitness App 805,HEALTH_AND_FITNESS,3.97668678925014,9672,5.8M,"1,000+",Free,0,Everyone,"November 10, 2023"
Finance App 28,FINANCE,4.407735511779489,5957,31.5M,"10,000+",Free,0,Everyone 10+,"February 17, 2024"
Photography App 278,PHOTOGRAPHY,3.2416929228108664,192,9.2M,"1,000,000+",Free,0,Teen,"November 26, 2024"
Tools App 396,TOOLS,3.5134099771081604,3743,43.3M,"5,000,000+",Free,0,Everyone,"July 31, 2023"
Game App 229,GAME,3.296983389750253,55,41.9M,"50,000+",Free,0,Everyone,"July 16, 2024"
Shopping App 321,SHOPPING,4.043281004001983,819,47.4M,"5,000+",Paid,$4.27,Everyone,"July 15, 2024"
Game App 148,GAME,4.8323691934852615,548,31.0M,"50,000+",Free,0,Everyone,"February 18, 2024"
Music And Audio App 873,MUSIC_AND_AUDIO,3.2100517851205916,1650,53.9M,"100,000,000+",Free,0,Everyone,"August 14, 2024"
Health And Fitness App 495,HEALTH_AND_FITNESS,3.8225151415428673,32,1.0M,"5,000,000+",Free,0,Everyone,"February 25, 2023"
Education App 450,EDUCATION,4.195039492653421,433,1.0M,"1,000,000+",Free,0,Mature 17+,"November 04, 2024"
Health And Fitness App 661,HEALTH_AND_FITNESS,4.546181561667136,18,39.2M,"10,000+",Free,0,Everyone,"June 16, 2024"
Game App 107,GAME,3.9839556678295605,490,11.1M,"10,000,000+",Free,0,Everyone,"June 08, 2023"
Shopping App 351,SHOPPING,4.124215502930695,127,35.4M,"100,000+",Free,0,Everyone 10+,"October 12, 2023"
Education App 524,EDUCATION,4.03726923101552,4212,Varies with device,"100,000+",Free,0,Teen,"October 18, 2023"
Education App 390,EDUCATION,4.143524562925023,75206,21.2M,"5,000,000+",Free,0,Everyone,"July 02, 2024"
Productivity App 449,PRODUCTIVITY,4.190914122931354,401,86.8M,"500,000+",Free,0,Teen,"February 05, 2023"
Shopping App 94,SHOPPING,4.10071313069369,115,41.5M,"5,000+",Free,0,Teen,"September 19, 2024"
Education App 260,EDUCATION,3.5100242207786505,89,62.4M,"50,000,000+",Free,0,Everyone,"July 22, 2023"
Tools App 555,TOOLS,3.7320642624457974,812,67.4M,"1,000,000+",Free,0,Everyone 10+,"June 22, 2023"
Tools App 818,TOOLS,3.8921399497601326,40,52.6M,"1,000,000+",Free,0,Everyone,"September 14, 2023"
Communication App 171,COMMUNICATION,3.4602554995822072,3283,14.1M,"1,000+",Free,0,Everyone,"July 06, 2023"
Social App 255,SOCIAL,4.837265440037353,1408,1.9M,"100,000+",Paid,$23.52,Everyone,"November 23, 2024"
Productivity App 603,PRODUCTIVITY,3.8603828152845625,231,75.8M,"50,000+",Free,0,Everyone,"September 16, 2023"
Game App 253,GAME,3.600211765344281,21866,Varies with device,"10,000+",Free,0,Everyone,"October 08, 2023"
Game App 307,GAME,3.764742834774279,1847,46.0M,"10,000+",Free,0,Everyone,"June 04, 2023"
Shopping App 548,SHOPPING,5.0,13,48.5M,"500,000+",Paid,$17.52,Mature 17+,"January 31, 2023"
Photography App 734,PHOTOGRAPHY,2.962440456147686,6,30.3M,"1,000,000+",Free,0,Everyone 10+,"November 02, 2023"
Game App 893,GAME,3.6056265124162303,364,66.8M,"50,000+",Free,0,Everyone,"July 27, 2024"
Game App 429,GAME,4.44457087632467,2565,1.0M,"100,000+",Free,0,Teen,"June 12, 2023"
Music And Audio App 187,MUSIC_AND_AUDIO,4.021410999383382,21,31.0M,"1,000+",Free,0,Teen,"December 01, 2023"
Photography App 270,PHOTOGRAPHY,4.643063851960595,70,26.7M,"500,000+",Free,0,Everyone,"February 03, 2024"
Game App 163,GAME,3.221526177049848,81,48.0M,"10,000,000+",Free,0,Everyone,"May 09, 2024"
Health And Fitness App 414,HEALTH_AND_FITNESS,4.739457273903663,3490,41.8M,"5,000+",Free,0,Everyone,"April 21, 2024"
Game App 714,GAME,3.9003647308137688,3,31.9M,"50,000,000+",Free,0,Everyone,"October 10, 2024"
Health And Fitness App 727,HEALTH_AND_FITNESS,3.5844150161253006,17561,8.5M,"10,000,000+",Free,0,Teen,"January 17, 2024"
Social App 99,SOCIAL,4.1527085799368075,1742,41.4M,"1,000,000+",Free,0,Everyone,"February 13, 2023"
Education App 7,EDUCATION,4.663171939739735,93,1.0M,"100,000+",Free,0,Everyone,"July 19, 2024"
Game App 739,GAME,4.153228076058024,287,45.4M,"500,000+",Free,0,Everyone,"January 02, 2023"
Health And Fitness App 803,HEALTH_AND_FITNESS,4.482487988669701,1443,83.9M,"100,000+",Free,0,Teen,"August 06, 2024"
Health And Fitness App 612,HEALTH_AND_FITNESS,3.4181170160769816,788,49.7M,"100,000+",Paid,$1.49,Teen,"December 28, 2023"
Communication App 230,COMMUNICATION,3.919965088329723,107,29.2M,"10,000,000+",Free,0,Teen,"November 24, 2024"
Tools App 265,TOOLS,3.7278935101067674,7711,Varies with device,"100,000,000+",Free,0,Everyone 10+,"March 22, 2023"
Shopping App 369,SHOPPING,4.574499337252134,41,65.3M,"10,000,000+",Free,0,Everyone,"May 09, 2024"
Education App 644,EDUCATION,3.8469433511523743,435,47.2M,"1,000,000+",Free,0,Mature 17+,"July 19, 2023"
Finance App 795,FINANCE,4.3082996804669955,146,55.4M,"50,000+",Free,0,Everyone 10+,"September 02, 2024"
Communication App 780,COMMUNICATION,3.840882818191128,1295,6.5M,"1,000,000+",Free,0,Everyone,"January 14, 2023"
Business App 825,BUSINESS,4.395095056493848,1126,67.0M,"5,000+",Free,0,Teen,"February 03, 2023"
Game App 404,GAME,3.807477493901059,200,56.9M,"50,000+",Free,0,Everyone,"May 17, 2023"
Shopping App 674,SHOPPING,3.458508073599725,1421,Varies with device,"50,000+",Free,0,Everyone 10+,"April 04, 2023"
Productivity App 611,PRODUCTIVITY,4.124864449635269,3152,53.6M,"10,000+",Free,0,Everyone,"May 22, 2023"
Social App 190,SOCIAL,4.665151121261138,898,56.0M,"10,000+",Free,0,Teen,"September 30, 2024"
Game App 333,GAME,3.284245946679432,138,Varies with device,"1,000,000+",Paid,$10.19,Teen,"September 11, 2024"
Education App 304,EDUCATION,4.9499757990390965,369,1.0M,"5,000,000+",Free,0,Everyone,"February 05, 2023"
Music And Audio App 261,MUSIC_AND_AUDIO,4.4664282955149215,26,39.7M,"1,000+",Free,0,Everyone,"July 08, 2023"
Shopping App 145,SHOPPING,3.383964128508755,627,3.3M,"500,000+",Free,0,Everyone,"December 13, 2023"
Photography App 628,PHOTOGRAPHY,4.204876999692843,62,52.0M,"100,000+",Free,0,Everyone,"August 10, 2024"
Health And Fitness App 284,HEALTH_AND_FITNESS,3.386375840687468,1410,66.9M,"1,000,000+",Free,0,Everyone,"April 02, 2023"
Education App 787,EDUCATION,4.690010937822633,1794,57.2M,"1,000,000+",Free,0,Everyone,"June 20, 2023"
Music And Audio App 12,MUSIC_AND_AUDIO,4.217232558067657,34,82.1M,"1,000+",Free,0,Everyone,"March 25, 2023"
Photography App 774,PHOTOGRAPHY,4.609851553412248,5890,1.0M,"50,000+",Free,0,Mature 17+,"November 05, 2024"
Game App 595,GAME,3.366217239574966,324,19.4M,"5,000,000+",Free,0,Everyone,"May 21, 2023"
Tools App 532,TOOLS,3.6898919547825244,1104,11.5M,"5,000+",Free,0,Everyone,"May 26, 2023"
Tools App 470,TOOLS,4.755705461221228,510,52.1M,"50,000,000+",Free,0,Everyone,"August 21, 2024"
Tools App 128,TOOLS,2.7324070538616096,6254,1.0M,"5,000,000+",Free,0,Mature 17+,"October 10, 2024"
Health And Fitness App 678,HEALTH_AND_FITNESS,3.9143345249793615,330,1.0M,"500,000+",Free,0,Everyone,"June 08, 2023"
Productivity App 58,PRODUCTIVITY,4.425833166563991,2005,15.9M,"5,000+",Free,0,Everyone,"June 04, 2024"
Tools App 34,TOOLS,4.085456561348522,11602,1.0M,"500,000+",Free,0,Everyone,"March 30, 2024"
Game App 238,GAME,4.602869085772003,99,82.6M,"5,000+",Free,0,Teen,"January 14, 2024"
Shopping App 848,SHOPPING,4.686583173636974,559,Varies with device,"1,000+",Free,0,Everyone,"October 16, 2023"
Finance App 283,FINANCE,4.179583305141277,513,48.4M,"1,000+",Free,0,Everyone,"December 16, 2023"
Communication App 587,COMMUNICATION,3.828015958367992,1881,70.1M,"5,000,000+",Free,0,Everyone 10+,"March 31, 2024"
Photography App 363,PHOTOGRAPHY,3.624070710143295,1175,67.7M,"50,000,000+",Free,0,Teen,"November 08, 2024"
Game App 244,GAME,4.1801527302029795,1711,43.0M,"1,000+",Free,0,Everyone,"November 20, 2023"
Communication App 604,COMMUNICATION,4.352427001998181,2229,1.0M,"100,000+",Paid,$6.51,Everyone,"October 06, 2023"
Music And Audio App 93,MUSIC_AND_AUDIO,3.5755022612593987,648,1.0M,"10,000+",Free,0,Teen,"September 14, 2024"
Productivity App 211,PRODUCTIVITY,4.573886661592659,3427,47.4M,"1,000+",Free,0,Teen,"December 02, 2023"
Finance App 338,FINANCE,3.3813104214172216,11,68.3M,"10,000+",Free,0,Everyone,"June 19, 2023"
Music And Audio App 302,MUSIC_AND_AUDIO,4.863895950860179,3509,22.8M,"1,000+",Free,0,Teen,"October 24, 2024"
Game App 86,GAME,4.4165411560555725,3852,1.0M,"100,000+",Free,0,Teen,"June 14, 2024"
Productivity App 191,PRODUCTIVITY,3.794639664825942,2796,78.7M,"50,000+",Free,0,Everyone,"February 11, 2023"
Game App 40,GAME,4.6067442452709075,472,Varies with device,"1,000,000+",Free,0,Teen,"September 09, 2024"
Health And Fitness App 501,HEALTH_AND_FITNESS,4.519964619479887,18585,31.9M,"1,000,000+",Free,0,Everyone,"February 11, 2023"
Education App 624,EDUCATION,3.6423688117125894,64,6.7M,"1,000+",Free,0,Teen,"December 27, 2023"
Tools App 508,TOOLS,3.4333999381506115,560,18.6M,"1,000,000+",Free,0,Teen,"December 29, 2023"
Productivity App 635,PRODUCTIVITY,3.3965826301759376,7435,71.8M,"10,000+",Free,0,Everyone 10+,"March 26, 2024"
Tools App 517,TOOLS,4.404851609084998,11,2.2M,"500,000+",Free,0,Everyone,"January 28, 2023"
Productivity App 105,PRODUCTIVITY,3.6629487125358393,312,Varies with device,"500,000+",Free,0,Everyone,"March 25, 2024"
Tools App 744,TOOLS,4.507583119005011,41,15.2M,"5,000+",Free,0,Everyone,"September 13, 2023"
Tools App 234,TOOLS,3.8025100571209025,107,49.9M,"5,000+",Free,0,Everyone 10+,"April 15, 2024"
Tools App 106,TOOLS,3.4481961870420648,6,48.5M,"500,000+",Free,0,Everyone,"June 21, 2024"
Game App 342,GAME,3.474163010979935,41,23.1M,"1,000+",Free,0,Everyone,"November 05, 2023"
Business App 254,BUSINESS,3.6101068073873317,71,4.0M,"10,000+",Free,0,Everyone,"May 23, 2024"
Shopping App 409,SHOPPING,,29405,52.8M,"50,000+",Free,0,Everyone,"February 20, 2024"
Photography App 423,PHOTOGRAPHY,4.4607792036387455,30173,32.7M,"5,000+",Free,0,Everyone,"July 08, 2023"
Communication App 209,COMMUNICATION,3.3287843851717414,36,9.0M,"500,000+",Free,0,Mature 17+,"March 09, 2024"
Productivity App 419,PRODUCTIVITY,3.326038638369453,1778,55.4M,"50,000,000+",Free,0,Everyone,"March 07, 2023"
Communication App 745,COMMUNICATION,3.7884360932951244,26711,50.8M,"50,000+",Free,0,Everyone,"August 08, 2024"
Communication App 83,COMMUNICATION,4.356367746326816,2066,49.8M,"1,000+",Free,0,Everyone,"March 11, 2023"
Game App 498,GAME,3.8395565007655232,700,33.8M,"500,000+",Free,0,Everyone,"August 08, 2024"
Photography App 846,PHOTOGRAPHY,4.005180007165784,18108,11.3M,"1,000,000+",Free,0,Teen,"November 02, 2024"
Game App 584,GAME,3.421000228507914,35,31.5M,"100,000+",Free,0,Teen,"March 08, 2023"
Productivity App 719,PRODUCTIVITY,4.468617770016982,1673,49.5M,"1,000+",Paid,$28.13,Everyone,"May 16, 2024"
Business App 88,BUSINESS,3.9767285695559638,8208,27.8M,"5,000+",Free,0,Everyone,"February 15, 2023"
Music And Audio App 65,MUSIC_AND_AUDIO,4.519190664143849,118,34.1M,"10,000,000+",Paid,$7.5,Everyone,"February 06, 2023"
Education App 271,EDUCATION,4.469150413252054,1644,1.0M,"1,000,000+",Free,0,Everyone,"November 21, 2024"
Business App 606,BUSINESS,5.0,913,27.2M,"100,000+",Free,0,Everyone,"November 29, 2023"
Game App 275,GAME,3.623934724612046,186,33.3M,"100,000+",Free,0,Teen,"May 13, 2024"
Tools App 802,TOOLS,4.644293481865822,10,31.1M,"10,000+",Free,0,Teen,"November 27, 2023"
Education App 730,EDUCATION,3.7714680426869815,147,1.0M,"10,000+",Free,0,Everyone 10+,"January 11, 2024"
Photography App 822,PHOTOGRAPHY,5.0,51,93.5M,"500,000+",Free,0,Teen,"May 05, 2024"
Music And Audio App 154,MUSIC_AND_AUDIO,4.2160307252526685,27,37.8M,"1,000+",Free,0,Teen,"June 13, 2023"
Game App 614,GAME,4.429761348508861,658,38.1M,"10,000+",Free,0,Everyone,"July 21, 2023"
Productivity App 866,PRODUCTIVITY,3.777519128011773,16,39.2M,"100,000+",Free,0,Everyone 10+,"August 01, 2024"
Music And Audio App 411,MUSIC_AND_AUDIO,4.088202380977437,534,21.3M,"50,000+",Free,0,Teen,"July 15, 2023"
Shopping App 518,SHOPPING,3.1766638221810988,113,56.4M,"50,000,000+",Free,0,Everyone 10+,"April 13, 2024"
Game App 45,GAME,3.548040711356247,930,54.6M,"5,000+",Free,0,Mature 17+,"July 20, 2023"
Business App 626,BUSINESS,5.0,31,62.9M,"5,000,000+",Free,0,Everyone,"December 16, 2023"
Communication App 391,COMMUNICATION,4.363699421710519,17232,Varies with device,"1,000+",Free,0,Teen,"January 22, 2023"
Tools App 221,TOOLS,4.550337629015364,14964,7.7M,"500,000+",Free,0,Everyone,"January 18, 2024"
Communication App 141,COMMUNICATION,4.438661767300279,1612,15.7M,"1,000+",Free,0,Everyone,"February 06, 2024"
Communication App 350,COMMUNICATION,,283,26.3M,"100,000,000+",Free,0,Everyone,"July 03, 2024"
Communication App 358,COMMUNICATION,3.4501863334617218,465,6.6M,"500,000+",Free,0,Everyone,"February 23, 2024"
Social App 134,SOCIAL,4.446399589037684,23,84.0M,"100,000+",Free,0,Teen,"June 13, 2024"
Productivity App 262,PRODUCTIVITY,3.797670721626199,948,60.0M,"10,000+",Free,0,Everyone,"October 29, 2024"
Education App 279,EDUCATION,3.922374819411062,602,13.3M,"1,000,000+",Free,0,Everyone 10+,"October 30, 2024"
Business App 80,BUSINESS,3.463841097545076,198,34.9M,"1,000,000+",Free,0,Teen,"December 04, 2023"
Social App 896,SOCIAL,4.487365789923367,8,47.3M,"5,000+",Free,0,Everyone 10+,"January 11, 2023"
Game App 116,GAME,4.089764224783668,123,39.7M,"10,000,000+",Paid,$17.59,Everyone,"May 19, 2024"
Photography App 753,PHOTOGRAPHY,4.378764810996269,20,65.5M,"50,000+",Free,0,Everyone 10+,"December 07, 2023"
Communication App 771,COMMUNICATION,4.141467066213399,2755,58.8M,"10,000+",Free,0,Everyone,"July 22, 2023"
Game App 381,GAME,3.8011766594322394,2100,46.3M,"10,000+",Free,0,Everyone,"April 17, 2024"
Education App 858,EDUCATION,4.680115995416583,1207,37.5M,"5,000,000+",Free,0,Everyone,"May 12, 2023"
Social App 185,SOCIAL,4.5273977416863715,19,36.0M,"1,000,000+",Free,0,Everyone 10+,"April 02, 2023"
Education App 728,EDUCATION,3.7601018678763136,4192,6.7M,"1,000,000+",Free,0,Everyone,"March 24, 2023"
Finance App 359,FINANCE,4.092998486753857,9,28.9M,"1,000,000+",Free,0,Everyone,"November 01, 2024"
Game App 37,GAME,4.137716860294976,146,7.6M,"100,000+",Free,0,Everyone,"June 14, 2023"
Tools App 340,TOOLS,4.487597239051351,154,Varies with device,"50,000,000+",Free,0,Everyone,"October 02, 2023"
Health And Fitness App 772,HEALTH_AND_FITNESS,4.301751238353413,4753,37.4M,"1,000,000+",Paid,$11.24,Teen,"December 24, 2023"
Productivity App 421,PRODUCTIVITY,2.9792979703269733,5625,1.6M,"10,000+",Free,0,Teen,"September 27, 2023"
Music And Audio App 150,MUSIC_AND_AUDIO,3.7884847017446526,121,30.1M,"100,000+",Free,0,Everyone,"April 26, 2024"
Finance App 10,FINANCE,3.285167469561733,275,7.1M,"10,000+",Free,0,Teen,"May 06, 2023"
Social App 46,SOCIAL,4.217743881237493,35,38.2M,"500,000+",Free,0,Everyone,"February 10, 2023"
Tools App 96,TOOLS,3.4963853235012157,653,69.9M,"500,000+",Paid,$18.78,Everyone,"October 23, 2024"
Health And Fitness App 831,HEALTH_AND_FITNESS,3.6598196090410413,109,38.5M,"1,000,000+",Free,0,Everyone,"June 03, 2023"
Business App 188,BUSINESS,4.086266225149121,126,25.8M,"5,000,000+",Free,0,Everyone,"October 24, 2023"
Shopping App 549,SHOPPING,5.0,58,86.1M,"5,000+",Free,0,Everyone,"March 03, 2024"
Game App 561,GAME,3.9280520484346306,45,38.6M,"5,000+",Free,0,Teen,"March 06, 2024"
Finance App 299,FINANCE,4.768401294169806,78,64.3M,"500,000+",Free,0,Mature 17+,"October 11, 2024"
Productivity App 291,PRODUCTIVITY,4.6313019851909765,1407,1.0M,"500,000+",Free,0,Teen,"June 27, 2023"
Game App 416,GAME,3.5780579214617667,12,21.7M,"1,000,000+",Free,0,Teen,"September 15, 2024"
Business App 314,BUSINESS,4.58586756364011,4070,43.1M,"10,000+",Free,0,Teen,"July 25, 2023"
Tools App 422,TOOLS,4.162392527218449,182,20.6M,"100,000+",Free,0,Everyone,"March 05, 2023"
Tools App 658,TOOLS,3.6751638385717023,5,34.1M,"10,000+",Free,0,Everyone,"July 16, 2023"
Finance App 123,FINANCE,4.216616760725272,4363,Varies with device,"50,000,000+",Free,0,Everyone,"November 27, 2023"
Communication App 776,COMMUNICATION,5.0,3769,45.8M,"50,000+",Free,0,Teen,"March 16, 2024"
Game App 754,GAME,5.0,3106,40.7M,"50,000+",Free,0,Teen,"September 26, 2024"
Photography App 362,PHOTOGRAPHY,4.517520902266996,140,53.2M,"50,000+",Free,0,Everyone,"November 19, 2024"
Health And Fitness App 337,HEALTH_AND_FITNESS,4.256139670664037,290,2.9M,"1,000,000+",Free,0,Everyone,"July 04, 2024"
Health And Fitness App 136,HEALTH_AND_FITNESS,4.174006590119785,1185,Varies with device,"1,000+",Paid,$29.97,Everyone,"May 18, 2024"
Tools App 784,TOOLS,3.6388766963728645,530,17.4M,"10,000,000+",Free,0,Everyone,"August 27, 2023"
Game App 710,GAME,4.253279642012253,13046,65.2M,"5,000+",Free,0,Teen,"October 08, 2023"
Social App 652,SOCIAL,4.1165756051321525,9084,28.2M,"50,000+",Free,0,Teen,"October 14, 2024"
Finance App 368,FINANCE,5.0,986,17.6M,"50,000,000+",Free,0,Teen,"September 23, 2023"
Tools App 884,TOOLS,4.020232520781738,372,54.1M,"100,000+",Free,0,Everyone,"September 27, 2023"
Communication App 833,COMMUNICATION,3.909008168847709,736,31.9M,"10,000,000+",Free,0,Everyone,"September 18, 2024"
Business App 620,BUSINESS,3.8863845028618007,200,53.6M,"10,000+",Free,0,Everyone,"March 19, 2024"
Game App 9,GAME,3.4493575957271583,13725,1.0M,"50,000+",Free,0,Teen,"December 06, 2023"
Education App 98,EDUCATION,3.9646380306063573,246,21.0M,"10,000+",Free,0,Everyone,"July 01, 2023"
Tools App 892,TOOLS,4.271137011431308,482,34.5M,"500,000+",Free,0,Everyone,"January 11, 2024"
Tools App 349,TOOLS,4.198046304911623,6870,1.0M,"1,000,000+",Free,0,Teen,"April 23, 2024"
Game App 510,GAME,4.503107632531351,9254,25.1M,"5,000+",Paid,$11.37,Everyone,"August 04, 2024"
Social App 879,SOCIAL,3.774601968426956,53,6.1M,"500,000+",Free,0,Everyone,"August 22, 2023"
Finance App 704,FINANCE,4.112602761727506,1767,41.7M,"5,000,000+",Free,0,Everyone,"July 13, 2024"
Finance App 747,FINANCE,3.652513896373901,319,9.6M,"500,000+",Free,0,Everyone,"November 02, 2024"
Business App 22,BUSINESS,4.388676769988279,3,1.0M,"10,000+",Paid,$12.67,Everyone,"March 23, 2023"
Tools App 483,TOOLS,3.7241603684919324,478,33.4M,"1,000+",Paid,$6.66,Teen,"February 07, 2024"
Health And Fitness App 888,HEALTH_AND_FITNESS,4.38431189558239,183,28.7M,"500,000+",Free,0,Everyone,"February 18, 2024"
Game App 406,GAME,4.3781140958965885,4106,27.1M,"5,000,000+",Free,0,Everyone,"February 21, 2023"
Health And Fitness App 813,HEALTH_AND_FITNESS,3.4431553962793795,6213,29.1M,"100,000+",Free,0,Teen,"August 03, 2023"
Education App 782,EDUCATION,5.0,195,1.0M,"5,000,000+",Free,0,Teen,"August 06, 2024"
Social App 479,SOCIAL,4.832207348328342,154,81.0M,"10,000+",Free,0,Teen,"April 03, 2023"
Communication App 591,COMMUNICATION,3.958593196217405,5558,68.1M,"1,000+",Free,0,Everyone,"March 25, 2024"
Shopping App 492,SHOPPING,3.302379368112489,1608,59.9M,"10,000+",Free,0,Everyone,"October 23, 2024"
Health And Fitness App 47,HEALTH_AND_FITNESS,3.8849091168295873,46,32.1M,"5,000,000+",Paid,$8.19,Everyone,"September 17, 2023"
Business App 365,BUSINESS,3.7193466223439056,1317,57.5M,"10,000+",Paid,$24.84,Teen,"November 05, 2023"
Tools App 297,TOOLS,4.046515266362077,13936,42.0M,"1,000,000+",Free,0,Everyone,"January 05, 2024"
Game App 50,GAME,3.768096335667528,18571,47.3M,"100,000,000+",Free,0,Everyone,"May 23, 2023"
Social App 488,SOCIAL,4.555865399048905,731,48.2M,"500,000+",Free,0,Everyone,"October 12, 2023"
Shopping App 225,SHOPPING,3.28914996243349,361,19.1M,"10,000+",Free,0,Everyone 10+,"March 30, 2023"
Education App 751,EDUCATION,4.094239622787936,291,16.2M,"50,000+",Free,0,Everyone,"April 16, 2023"
Game App 220,GAME,3.248577609057259,157,26.0M,"50,000+",Free,0,Everyone,"May 03, 2023"
Game App 868,GAME,4.079465191390201,1,29.1M,"1,000,000+",Free,0,Everyone,"August 17, 2023"
Game App 762,GAME,3.2694262067720885,1167,32.7M,"500,000+",Free,0,Everyone,"June 29, 2023"
Game App 629,GAME,4.527032845580991,5856,50.9M,"1,000,000+",Free,0,Everyone,"January 31, 2023"
Business App 648,BUSINESS,3.5080058450894356,370,3.9M,"1,000,000+",Free,0,Teen,"October 03, 2023"
Game App 202,GAME,3.9825987186301695,21,27.9M,"5,000+",Free,0,Everyone,"August 16, 2023"
Game App 563,GAME,4.707993385869437,4067,42.6M,"10,000+",Free,0,Everyone,"May 09, 2023"
Game App 623,GAME,4.546256657169698,262,1.0M,"5,000+",Free,0,Everyone,"February 07, 2023"
Social App 199,SOCIAL,3.7186525430807755,278,20.8M,"10,000+",Free,0,Mature 17+,"February 20, 2023"
Business App 64,BUSINESS,3.9291583631628195,343,3.6M,"10,000,000+",Free,0,Teen,"June 15, 2024"
Social App 605,SOCIAL,4.899766949755926,8,56.4M,"1,000,000+",Free,0,Teen,"June 23, 2024"
Shopping App 246,SHOPPING,,12,43.0M,"10,000+",Free,0,Everyone,"November 19, 2024"
Productivity App 443,PRODUCTIVITY,3.688003598280612,12046,Varies with device,"1,000,000+",Free,0,Everyone,"June 02, 2023"
Communication App 807,COMMUNICATION,4.203522880040597,382,78.4M,"5,000+",Free,0,Everyone 10+,"March 05, 2023"
Shopping App 575,SHOPPING,4.250150998882699,35,19.3M,"50,000,000+",Free,0,Everyone,"January 05, 2024"
Shopping App 1,SHOPPING,2.6119444142451096,9796,3.9M,"1,000,000+",Free,0,Everyone,"April 28, 2024"
Shopping App 540,SHOPPING,3.3027064596359823,204,81.2M,"500,000+",Free,0,Everyone,"April 03, 2023"
Business App 768,BUSINESS,4.234525682794208,1008,1.0M,"500,000+",Free,0,Everyone,"February 21, 2024"
Productivity App 763,PRODUCTIVITY,4.557576093792729,15,42.2M,"10,000+",Free,0,Everyone,"August 05, 2024"
Photography App 690,PHOTOGRAPHY,4.546718545057535,1355,9.5M,"1,000,000+",Free,0,Everyone,"February 27, 2024"
Business App 188,BUSINESS,4.086266225149121,126,25.8M,"5,000,000+",Free,0,Everyone,"October 24, 2023"
Game App 407,GAME,3.7049111478744443,6923,42.1M,"10,000,000+",Free,0,Teen,"February 05, 2023"
Finance App 149,FINANCE,3.9702685914654414,417,40.9M,"500,000+",Free,0,Everyone,"January 26, 2023"
Music And Audio App 752,MUSIC_AND_AUDIO,3.8953525237093554,78,56.5M,"500,000+",Free,0,Everyone,"December 11, 2023"
Shopping App 27,SHOPPING,5.0,2258,Varies with device,"10,000,000+",Free,0,Everyone 10+,"November 20, 2023"
Game App 462,GAME,4.782689589622554,6253,1.0M,"100,000+",Free,0,Everyone,"January 21, 2024"
Health And Fitness App 671,HEALTH_AND_FITNESS,3.3382692903748237,34,40.5M,"100,000+",Free,0,Everyone,"March 24, 2024"
Productivity App 656,PRODUCTIVITY,3.398603126192726,62,58.8M,"1,000+",Free,0,Everyone 10+,"April 28, 2024"
Productivity App 786,PRODUCTIVITY,4.129071785893451,1488,88.3M,"100,000+",Free,0,Teen,"March 10, 2023"
Music And Audio App 60,MUSIC_AND_AUDIO,,1440,59.7M,"10,000,000+",Free,0,Everyone,"March 18, 2024"
Business App 715,BUSINESS,4.051724972051767,992,56.2M,"500,000+",Free,0,Everyone,"September 03, 2023"
Photography App 327,PHOTOGRAPHY,3.773947424260011,779,58.9M,"50,000+",Free,0,Teen,"August 13, 2023"
Communication App 425,COMMUNICATION,4.463874391119983,1342,61.7M,"10,000+",Free,0,Mature 17+,"February 01, 2024"
Productivity App 721,PRODUCTIVITY,4.502487241374981,13,22.5M,"10,000+",Free,0,Everyone,"October 05, 2023"
Tools App 478,TOOLS,3.828810556587685,489,79.6M,"100,000+",Free,0,Everyone,"January 26, 2024"
Social App 44,SOCIAL,4.238194562164021,360,45.2M,"100,000+",Free,0,Teen,"March 14, 2023"
Education App 662,EDUCATION,4.176067401653775,544,1.0M,"5,000,000+",Free,0,Mature 17+,"December 16, 2023"
Health And Fitness App 636,HEALTH_AND_FITNESS,4.347293294785488,381,31.1M,"50,000+",Free,0,Everyone,"November 02, 2023"
Game App 529,GAME,5.0,58059,18.4M,"1,000+",Free,0,Teen,"November 10, 2023"
Communication App 737,COMMUNICATION,3.249728206660496,262,18.0M,"10,000,000+",Free,0,Teen,"April 26, 2024"
Finance App 484,FINANCE,4.496060920382217,67,12.4M,"100,000+",Free,0,Teen,"January 07, 2023"
Health And Fitness App 219,HEALTH_AND_FITNESS,4.063099148986149,213,41.1M,"50,000+",Paid,$25.09,Everyone,"April 01, 2024"
Tools App 742,TOOLS,3.985605447073929,142,52.9M,"100,000+",Free,0,Everyone 10+,"July 16, 2024"
Game App 688,GAME,4.194702052073352,292,4.0M,"10,000,000+",Free,0,Everyone,"June 27, 2023"
Social App 849,SOCIAL,3.9409470829481474,137,54.3M,"1,000,000+",Free,0,Everyone,"June 19, 2023"
Game App 610,GAME,3.6816196707252105,3151,1.0M,"500,000+",Free,0,Everyone,"September 07, 2024"
Tools App 486,TOOLS,3.792978671086711,160,51.5M,"1,000,000+",Free,0,Everyone,"September 26, 2023"
Tools App 126,TOOLS,3.895467905172028,380,76.8M,"5,000+",Free,0,Everyone 10+,"July 31, 2023"
Tools App 658,TOOLS,3.6751638385717023,5,34.1M,"10,000+",Free,0,Everyone,"July 16, 2023"
Social App 62,SOCIAL,4.393536393720695,3023,1.0M,"10,000+",Free,0,Everyone,"October 22, 2023"
Education App 82,EDUCATION,3.7004134992833735,761,49.5M,"1,000+",Paid,$11.44,Everyone,"May 26, 2024"
Tools App 681,TOOLS,4.399195535198001,222,45.2M,"10,000+",Free,0,Everyone,"September 09, 2023"
Tools App 325,TOOLS,4.769424466457902,2621,41.9M,"100,000+",Free,0,Everyone,"August 01, 2023"
Game App 386,GAME,3.6758246278077817,945,1.0M,"50,000,000+",Free,0,Everyone,"February 12, 2023"
Health And Fitness App 636,HEALTH_AND_FITNESS,4.347293294785488,381,31.1M,"50,000+",Free,0,Everyone,"November 02, 2023"
Social App 57,SOCIAL,3.7604122861389895,60,87.2M,"50,000,000+",Free,0,Everyone 10+,"November 22, 2024"
Social App 20,SOCIAL,3.7909938740064804,2988,50.0M,"1,000+",Free,0,Everyone 10+,"April 10, 2024"
Photography App 881,PHOTOGRAPHY,3.4734666062084454,861,57.4M,"1,000,000+",Free,0,Everyone,"May 04, 2023"
Business App 87,BUSINESS,4.541190581467118,232604,7.0M,"1,000,000+",Free,0,Everyone,"July 11, 2023"
Tools App 759,TOOLS,3.34596284937088,15369,2.5M,"50,000+",Paid,$4.55,Everyone,"June 08, 2023"
Game App 650,GAME,4.062680581987788,266,1.0M,"10,000+",Free,0,Everyone,"October 02, 2023"
Education App 317,EDUCATION,4.03582962870123,24,1.0M,"5,000,000+",Free,0,Everyone 10+,"August 29, 2024"
Finance App 35,FINANCE,,70,22.8M,"100,000+",Free,0,Everyone,"September 25, 2023"
Health And Fitness App 809,HEALTH_AND_FITNESS,4.0914107054460045,1064,36.8M,"10,000+",Free,0,Everyone,"November 27, 2024"
Shopping App 139,SHOPPING,3.770016598894011,967,57.9M,"100,000+",Free,0,Teen,"September 29, 2024"
Game App 767,GAME,4.175767431380342,308,37.2M,"100,000,000+",Free,0,Everyone 10+,"October 09, 2023"
Health And Fitness App 589,HEALTH_AND_FITNESS,3.556342965379997,83,42.6M,"5,000+",Free,0,Everyone,"January 26, 2023"
Business App 499,BUSINESS,4.861532971446966,843,19.2M,"1,000,000+",Free,0,Everyone,"September 01, 2024"
Tools App 539,TOOLS,4.908140939206514,22,12.4M,"10,000+",Free,0,Teen,"May 04, 2023"
Game App 801,GAME,4.17944872255964,22,52.2M,"100,000+",Free,0,Everyone,"October 24, 2024"
Productivity App 556,PRODUCTIVITY,4.049283725415527,3008,11.1M,"500,000+",Free,0,Mature 17+,"May 20, 2023"
Music And Audio App 97,MUSIC_AND_AUDIO,,2996,35.2M,"10,000+",Free,0,Everyone,"July 08, 2024"
Social App 84,SOCIAL,4.265354832951768,254,42.7M,"10,000+",Paid,$19.76,Mature 17+,"August 07, 2024"
Game App 447,GAME,5.0,45,1.0M,"10,000+",Free,0,Everyone,"August 21, 2023"
Social App 475,SOCIAL,4.097634174098448,530,1.9M,"1,000+",Free,0,Everyone,"January 20, 2024"
Game App 765,GAME,3.5711635290417654,17,21.5M,"1,000,000+",Free,0,Teen,"December 10, 2023"
Education App 367,EDUCATION,3.9684556335189916,65843,23.5M,"10,000+",Free,0,Everyone,"June 07, 2023"
Tools App 698,TOOLS,4.563702147913615,135,14.5M,"1,000,000+",Free,0,Teen,"January 03, 2024"
Game App 586,GAME,4.403617334935048,5167,Varies with device,"5,000+",Free,0,Everyone,"May 03, 2024"
Finance App 862,FINANCE,3.9074933353557433,86,31.9M,"10,000+",Free,0,Everyone,"January 20, 2023"
Social App 761,SOCIAL,2.610860198197569,189,2.8M,"500,000+",Free,0,Everyone,"August 11, 2024"
Tools App 402,TOOLS,2.9296516245447903,599,Varies with device,"100,000+",Free,0,Everyone,"May 05, 2023"
Music And Audio App 760,MUSIC_AND_AUDIO,3.8912737690433965,1252,41.0M,"100,000+",Free,0,Everyone,"February 02, 2024"
Photography App 393,PHOTOGRAPHY,3.532903684187215,4690,28.4M,"100,000+",Free,0,Teen,"February 12, 2024"
Shopping App 863,SHOPPING,3.9672320907490004,2877,50.1M,"500,000+",Free,0,Everyone 10+,"July 13, 2024"
Music And Audio App 746,MUSIC_AND_AUDIO,3.9584290628474754,174794,6.4M,"10,000+",Free,0,Everyone,"June 20, 2024"
Education App 272,EDUCATION,3.4866228930143968,749,39.6M,"5,000+",Free,0,Mature 17+,"December 28, 2023"
Tools App 507,TOOLS,4.14591469893568,142,5.2M,"1,000+",Free,0,Everyone,"January 29, 2023"
Game App 253,GAME,3.600211765344281,21866,Varies with device,"10,000+",Free,0,Everyone,"October 08, 2023"
Game App 435,GAME,4.002683977328705,116,47.2M,"10,000+",Free,0,Everyone,"April 21, 2024"
Game App 649,GAME,4.797528039486357,93,Varies with device,"1,000+",Free,0,Everyone,"March 22, 2024"
Finance App 808,FINANCE,3.450324641944631,1694,17.4M,"500,000+",Free,0,Everyone,"September 30, 2023"
Education App 562,EDUCATION,5.0,86,34.6M,"5,000+",Free,0,Teen,"October 01, 2024"
Photography App 208,PHOTOGRAPHY,4.242691211057172,148,68.2M,"100,000+",Free,0,Everyone,"March 02, 2023"
Education App 320,EDUCATION,4.163738920401523,16,76.0M,"500,000+",Free,0,Teen,"October 05, 2024"
Finance App 121,FINANCE,4.445114286427851,60958,20.7M,"10,000,000+",Free,0,Teen,"April 23, 2023"
Finance App 133,FINANCE,4.223589477758148,282,58.2M,"100,000+",Free,0,Everyone,"February 16, 2023"
Shopping App 51,SHOPPING,4.75063293199749,348,66.0M,"1,000,000+",Free,0,Everyone,"March 14, 2024"
Shopping App 239,SHOPPING,3.676484261109299,1510,64.7M,"50,000+",Free,0,Teen,"October 31, 2024"
Tools App 565,TOOLS,3.408009682965836,512,73.3M,"1,000+",Free,0,Everyone,"April 18, 2023"
Tools App 593,TOOLS,3.543068136318381,17,18.8M,"1,000,000+",Free,0,Everyone,"August 15, 2023"
Game App 451,GAME,4.244605227847355,31,21.1M,"10,000+",Free,0,Mature 17+,"November 04, 2024"
Productivity App 32,PRODUCTIVITY,4.625836035994334,223,67.1M,"100,000+",Free,0,Everyone,"March 04, 2024"
Productivity App 122,PRODUCTIVITY,3.927208937869084,254,77.2M,"1,000,000+",Free,0,Everyone 10+,"May 05, 2024"
Education App 212,EDUCATION,3.7211382857651008,11241,47.2M,"10,000+",Free,0,Teen,"May 17, 2024"
Finance App 352,FINANCE,4.908307030343703,2283,35.9M,"10,000+",Free,0,Everyone,"February 11, 2023"
Social App 455,SOCIAL,5.0,134,24.2M,"50,000+",Free,0,Everyone,"November 24, 2023"
Tools App 303,TOOLS,4.226455813161964,551,62.7M,"50,000+",Free,0,Everyone,"November 11, 2023"
Social App 709,SOCIAL,4.2416553274130555,1183,45.6M,"50,000+",Free,0,Everyone,"November 26, 2024"
Productivity App 89,PRODUCTIVITY,3.4928817104640846,18580,74.8M,"1,000,000+",Paid,$7.06,Mature 17+,"September 14, 2024"
Education App 326,EDUCATION,4.403745698756083,5683,68.1M,"500,000+",Free,0,Everyone,"March 06, 2023"
Game App 324,GAME,3.7838754934388805,98,36.1M,"500,000+",Free,0,Everyone,"September 11, 2024"
Game App 256,GAME,4.437470068836904,3085,Varies with device,"10,000+",Free,0,Everyone,"August 21, 2023"
Game App 571,GAME,3.7481812388890265,539,53.5M,"50,000+",Paid,$24.8,Everyone,"May 13, 2023"
Productivity App 546,PRODUCTIVITY,3.70770902547522,30,46.8M,"10,000+",Free,0,Everyone,"August 12, 2024"
Business App 551,BUSINESS,4.056694119686596,30,30.0M,"50,000+",Free,0,Teen,"June 08, 2023"
Game App 360,GAME,4.552967291173388,1334,48.2M,"5,000+",Free,0,Everyone,"September 06, 2023"
Business App 52,BUSINESS,3.5136575014489355,4291,44.8M,"50,000+",Free,0,Mature 17+,"February 14, 2024"
Finance App 876,FINANCE,3.79954095602701,356,28.7M,"5,000,000+",Free,0,Everyone,"June 23, 2024"
Education App 773,EDUCATION,4.975608442204823,181,25.6M,"10,000,000+",Free,0,Everyone,"July 07, 2024"
Photography App 103,PHOTOGRAPHY,3.488056902453494,47,55.3M,"1,000,000+",Free,0,Mature 17+,"June 06, 2023"
Music And Audio App 196,MUSIC_AND_AUDIO,,3606,49.1M,"5,000+",Paid,$18.82,Everyone,"August 28, 2023"
Finance App 680,FINANCE,3.6883771384060577,246,49.3M,"10,000+",Free,0,Mature 17+,"March 16, 2024"
Productivity App 806,PRODUCTIVITY,3.623431153229965,26,41.5M,"10,000+",Free,0,Everyone 10+,"April 17, 2024"
Game App 629,GAME,4.527032845580991,5856,50.9M,"1,000,000+",Free,0,Everyone,"January 31, 2023"
Education App 125,EDUCATION,4.337373820369435,4691,61.2M,"10,000+",Free,0,Everyone,"March 30, 2023"
Shopping App 405,SHOPPING,4.005684737674374,503,47.5M,"500,000+",Free,0,Everyone,"March 17, 2024"
Music And Audio App 731,MUSIC_AND_AUDIO,3.6522222522482335,390,61.9M,"1,000,000+",Paid,$13.61,Everyone,"November 26, 2024"
Game App 288,GAME,3.6649143882107276,2505,80.6M,"1,000,000+",Free,0,Everyone,"June 19, 2024"
Health And Fitness App 832,HEALTH_AND_FITNESS,4.03266189521247,117,1.0M,"10,000+",Free,0,Everyone,"February 13, 2023"
Music And Audio App 48,MUSIC_AND_AUDIO,4.595665893923167,20,79.6M,"10,000+",Free,0,Everyone,"July 07, 2024"
Finance App 726,FINANCE,5.0,7700,1.0M,"500,000+",Free,0,Everyone,"September 07, 2024"
Photography App 588,PHOTOGRAPHY,4.272717524464991,150,18.7M,"1,000,000+",Paid,$22.62,Teen,"January 31, 2023"
Business App 608,BUSINESS,3.522538897742825,4,57.3M,"100,000+",Free,0,Everyone,"October 13, 2023"
Health And Fitness App 434,HEALTH_AND_FITNESS,3.792836853973217,433,35.9M,"10,000+",Free,0,Teen,"May 10, 2024"
Photography App 675,PHOTOGRAPHY,3.3936122269318263,8878,33.4M,"5,000+",Free,0,Everyone,"November 03, 2023"
Health And Fitness App 264,HEALTH_AND_FITNESS,4.047046490658629,902,Varies with device,"100,000+",Free,0,Everyone,"November 02, 2024"
Education App 361,EDUCATION,4.488998648169249,3026,28.3M,"1,000,000+",Free,0,Everyone 10+,"September 20, 2023"
Social App 76,SOCIAL,4.4325941625303225,21285,60.6M,"100,000+",Free,0,Teen,"May 06, 2023"
Photography App 467,PHOTOGRAPHY,3.7881935515942047,58,14.0M,"5,000+",Free,0,Everyone,"June 02, 2023"
Music And Audio App 300,MUSIC_AND_AUDIO,4.745171783303706,4128,1.0M,"100,000+",Free,0,Everyone,"November 07, 2024"
Finance App 535,FINANCE,4.077954979342359,15,35.0M,"5,000,000+",Free,0,Everyone 10+,"October 09, 2024"
Business App 585,BUSINESS,4.673448772932877,317,20.3M,"5,000+",Free,0,Everyone,"June 26, 2023"
Game App 494,GAME,3.1631283057453583,40,38.2M,"10,000+",Free,0,Everyone 10+,"June 12, 2023"
Finance App 528,FINANCE,,103,48.2M,"5,000,000+",Free,0,Everyone,"May 05, 2024"
Game App 169,GAME,4.1332847662639045,5,45.5M,"100,000+",Free,0,Teen,"February 13, 2023"
